Date,Flowrate
01/01/2001,5.007
02/01/2001,2.433
03/01/2001,1.666
04/01/2001,1.819
05/01/2001,1.518
06/01/2001,1.575
07/01/2001,1.524
08/01/2001,1.37
09/01/2001,1.27
10/01/2001,1.23
11/01/2001,1.221
12/01/2001,1.164
13/01/2001,1.099
14/01/2001,1.032
15/01/2001,1.034
16/01/2001,0.867
17/01/2001,0.792
18/01/2001,0.8
19/01/2001,0.783
20/01/2001,0.808
21/01/2001,0.798
22/01/2001,1.005
23/01/2001,1.455
24/01/2001,3.96
25/01/2001,1.668
26/01/2001,1.428
27/01/2001,1.212
28/01/2001,1.076
29/01/2001,1.029
30/01/2001,1.142
31/01/2001,1.168
01/02/2001,1.456
02/02/2001,1.602
03/02/2001,2.832
04/02/2001,2.112
05/02/2001,2.258
06/02/2001,12.92
07/02/2001,5.215
08/02/2001,3.052
09/02/2001,2.604
10/02/2001,3.207
11/02/2001,3.912
12/02/2001,2.866
13/02/2001,2.292
14/02/2001,1.723
15/02/2001,1.431
16/02/2001,1.282
17/02/2001,1.238
18/02/2001,1.204
19/02/2001,1.115
20/02/2001,0.987
21/02/2001,0.918
22/02/2001,0.871
23/02/2001,0.839
24/02/2001,0.823
25/02/2001,0.812
26/02/2001,1.219
27/02/2001,0.881
28/02/2001,0.869
01/03/2001,0.858
02/03/2001,0.863
03/03/2001,0.912
04/03/2001,0.866
05/03/2001,1.344
06/03/2001,1.473
07/03/2001,6.52
08/03/2001,4.744
09/03/2001,3.682
10/03/2001,2.795
11/03/2001,7.112
12/03/2001,4.396
13/03/2001,2.752
14/03/2001,3.051
15/03/2001,2.446
16/03/2001,1.792
17/03/2001,1.578
18/03/2001,1.971
19/03/2001,1.777
20/03/2001,1.531
21/03/2001,1.36
22/03/2001,1.329
23/03/2001,1.816
24/03/2001,1.727
25/03/2001,1.904
26/03/2001,1.56
27/03/2001,1.444
28/03/2001,2.289
29/03/2001,2.354
30/03/2001,1.748
31/03/2001,1.967
01/04/2001,1.561
02/04/2001,1.369
03/04/2001,1.233
04/04/2001,1.105
05/04/2001,1.053
06/04/2001,1.827
07/04/2001,2.982
08/04/2001,1.47
09/04/2001,1.316
10/04/2001,1.282
11/04/2001,1.15
12/04/2001,1.064
13/04/2001,0.912
14/04/2001,0.844
15/04/2001,0.86
16/04/2001,0.783
17/04/2001,1.14
18/04/2001,0.977
19/04/2001,0.821
20/04/2001,0.761
21/04/2001,0.758
22/04/2001,0.873
23/04/2001,1.014
24/04/2001,0.979
25/04/2001,2.256
26/04/2001,3.004
27/04/2001,1.435
28/04/2001,1.163
29/04/2001,0.971
30/04/2001,0.842
01/05/2001,0.792
02/05/2001,0.744
03/05/2001,0.722
04/05/2001,0.697
05/05/2001,0.673
06/05/2001,0.656
07/05/2001,0.645
08/05/2001,0.633
09/05/2001,0.559
10/05/2001,0.528
11/05/2001,0.518
12/05/2001,0.515
13/05/2001,0.509
14/05/2001,0.507
15/05/2001,0.529
16/05/2001,0.649
17/05/2001,2.188
18/05/2001,1.086
19/05/2001,0.724
20/05/2001,0.617
21/05/2001,0.573
22/05/2001,0.552
23/05/2001,0.514
24/05/2001,0.5
25/05/2001,0.52
26/05/2001,0.499
27/05/2001,0.483
28/05/2001,0.469
29/05/2001,0.468
30/05/2001,0.81
31/05/2001,0.523
01/06/2001,0.51
02/06/2001,0.482
03/06/2001,0.459
04/06/2001,0.466
05/06/2001,0.496
06/06/2001,0.539
07/06/2001,0.651
08/06/2001,0.41
09/06/2001,0.618
10/06/2001,0.46
11/06/2001,0.402
12/06/2001,0.417
13/06/2001,0.449
14/06/2001,0.518
15/06/2001,0.956
16/06/2001,1.092
17/06/2001,0.652
18/06/2001,0.562
19/06/2001,0.573
20/06/2001,0.518
21/06/2001,0.482
22/06/2001,0.491
23/06/2001,0.481
24/06/2001,0.467
25/06/2001,0.481
26/06/2001,1.018
27/06/2001,0.738
28/06/2001,0.614
29/06/2001,0.583
30/06/2001,0.6
01/07/2001,0.571
02/07/2001,0.555
03/07/2001,0.594
04/07/2001,0.574
05/07/2001,0.581
06/07/2001,0.89
07/07/2001,1.439
08/07/2001,1.094
09/07/2001,0.703
10/07/2001,0.672
11/07/2001,1.805
12/07/2001,1.49
13/07/2001,4.717
14/07/2001,2.708
15/07/2001,1.834
16/07/2001,1.202
17/07/2001,0.821
18/07/2001,0.773
19/07/2001,0.725
20/07/2001,0.763
21/07/2001,0.731
22/07/2001,0.669
23/07/2001,0.634
24/07/2001,0.622
25/07/2001,0.621
26/07/2001,0.627
27/07/2001,0.554
28/07/2001,0.51
29/07/2001,0.504
30/07/2001,0.648
31/07/2001,0.406
01/08/2001,0.41
02/08/2001,0.569
03/08/2001,0.458
04/08/2001,0.555
05/08/2001,0.449
06/08/2001,0.477
07/08/2001,0.914
08/08/2001,1.459
09/08/2001,0.869
10/08/2001,0.525
11/08/2001,0.441
12/08/2001,0.55
13/08/2001,1.72
14/08/2001,2.16
15/08/2001,0.95
16/08/2001,0.857
17/08/2001,0.857
18/08/2001,1.96
19/08/2001,10.29
20/08/2001,4.227
21/08/2001,3.214
22/08/2001,1.793
23/08/2001,1.431
24/08/2001,1.146
25/08/2001,1.175
26/08/2001,1.14
27/08/2001,1.122
28/08/2001,1.251
29/08/2001,1.303
30/08/2001,1.15
31/08/2001,0.708
01/09/2001,0.488
02/09/2001,0.427
03/09/2001,0.404
04/09/2001,0.538
05/09/2001,0.652
06/09/2001,0.531
07/09/2001,0.448
08/09/2001,0.431
09/09/2001,0.465
10/09/2001,0.516
11/09/2001,0.52
12/09/2001,0.55
13/09/2001,0.523
14/09/2001,0.514
15/09/2001,0.521
16/09/2001,0.537
17/09/2001,0.501
18/09/2001,0.501
19/09/2001,0.662
20/09/2001,0.626
21/09/2001,0.566
22/09/2001,0.528
23/09/2001,0.537
24/09/2001,0.603
25/09/2001,0.663
26/09/2001,0.599
27/09/2001,0.584
28/09/2001,0.598
29/09/2001,0.649
30/09/2001,1.445
01/10/2001,1.27
02/10/2001,0.76
03/10/2001,0.705
04/10/2001,0.76
05/10/2001,0.787
06/10/2001,1.617
07/10/2001,4.694
08/10/2001,3.123
09/10/2001,1.486
10/10/2001,1.405
11/10/2001,1.302
12/10/2001,1.423
13/10/2001,1.456
14/10/2001,1.907
15/10/2001,1.768
16/10/2001,1.427
17/10/2001,1.348
18/10/2001,1.539
19/10/2001,1.444
20/10/2001,2.634
21/10/2001,5.3
22/10/2001,3.286
23/10/2001,2.894
24/10/2001,2.438
25/10/2001,3.069
26/10/2001,2.413
27/10/2001,2.087
28/10/2001,1.905
29/10/2001,1.648
30/10/2001,1.571
31/10/2001,1.56
01/11/2001,1.354
02/11/2001,1.242
03/11/2001,1.205
04/11/2001,1.107
05/11/2001,1.302
06/11/2001,1.207
07/11/2001,2.17
08/11/2001,2.017
09/11/2001,1.464
10/11/2001,1.814
11/11/2001,1.495
12/11/2001,2.811
13/11/2001,1.647
14/11/2001,1.437
15/11/2001,1.358
16/11/2001,1.324
17/11/2001,1.296
18/11/2001,2.041
19/11/2001,3.286
20/11/2001,1.984
21/11/2001,1.969
22/11/2001,1.7
23/11/2001,1.507
24/11/2001,1.464
25/11/2001,1.51
26/11/2001,1.174
27/11/2001,2.049
28/11/2001,1.567
29/11/2001,2.091
30/11/2001,1.941
01/12/2001,1.695
02/12/2001,1.482
03/12/2001,1.409
04/12/2001,1.291
05/12/2001,4.908
06/12/2001,2.437
07/12/2001,2.079
08/12/2001,1.714
09/12/2001,1.538
10/12/2001,1.435
11/12/2001,1.249
12/12/2001,1.168
13/12/2001,1.153
14/12/2001,1.12
15/12/2001,1.179
16/12/2001,1.725
17/12/2001,1.504
18/12/2001,1.179
19/12/2001,1.065
20/12/2001,0.992
21/12/2001,1.154
22/12/2001,0.937
23/12/2001,0.909
24/12/2001,0.986
25/12/2001,0.958
26/12/2001,0.922
27/12/2001,1.246
28/12/2001,1.401
29/12/2001,1.013
30/12/2001,0.834
31/12/2001,0.84
01/01/2002,0.674
02/01/2002,0.561
03/01/2002,0.747
04/01/2002,0.647
05/01/2002,0.72
06/01/2002,0.709
07/01/2002,0.814
08/01/2002,0.768
09/01/2002,0.694
10/01/2002,0.647
11/01/2002,0.633
12/01/2002,0.65
13/01/2002,0.617
14/01/2002,0.661
15/01/2002,0.721
16/01/2002,0.755
17/01/2002,1.732
18/01/2002,1.407
19/01/2002,1.511
20/01/2002,4.164
21/01/2002,2.372
22/01/2002,1.839
23/01/2002,5.989
24/01/2002,4.844
25/01/2002,5.567
26/01/2002,5.717
27/01/2002,3.784
28/01/2002,3.639
29/01/2002,6.583
30/01/2002,4.965
31/01/2002,4.671
01/02/2002,6.678
02/02/2002,4.462
03/02/2002,5.661
04/02/2002,4.688
05/02/2002,4.549
06/02/2002,3.651
07/02/2002,4.594
08/02/2002,4.203
09/02/2002,3.669
10/02/2002,3.786
11/02/2002,4.302
12/02/2002,8.309
13/02/2002,4.774
14/02/2002,3.246
15/02/2002,2.884
16/02/2002,2.685
17/02/2002,2.556
18/02/2002,2.539
19/02/2002,3.511
20/02/2002,3.958
21/02/2002,4.247
22/02/2002,4.505
23/02/2002,3.099
24/02/2002,3.061
25/02/2002,6.585
26/02/2002,5.248
27/02/2002,6.522
28/02/2002,6.101
01/03/2002,3.317
02/03/2002,3.192
03/03/2002,3.178
04/03/2002,3.234
05/03/2002,4.427
06/03/2002,6.397
07/03/2002,4.669
08/03/2002,4.327
09/03/2002,4.268
10/03/2002,6.71
11/03/2002,4.03
12/03/2002,2.863
13/03/2002,2.406
14/03/2002,2.195
15/03/2002,2.035
16/03/2002,1.978
17/03/2002,1.915
18/03/2002,1.358
19/03/2002,1.493
20/03/2002,3.412
21/03/2002,4.646
22/03/2002,2.416
23/03/2002,1.645
24/03/2002,1.403
25/03/2002,1.239
26/03/2002,1.135
27/03/2002,1.066
28/03/2002,1.01
29/03/2002,0.986
30/03/2002,0.973
31/03/2002,0.949
01/04/2002,1.215
02/04/2002,0.98
03/04/2002,0.83
04/04/2002,0.78
05/04/2002,0.728
06/04/2002,0.702
07/04/2002,0.694
08/04/2002,0.686
09/04/2002,0.664
10/04/2002,0.653
11/04/2002,0.715
12/04/2002,0.684
13/04/2002,0.655
14/04/2002,0.82
15/04/2002,0.699
16/04/2002,0.651
17/04/2002,0.653
18/04/2002,0.647
19/04/2002,0.619
20/04/2002,0.61
21/04/2002,0.618
22/04/2002,0.646
23/04/2002,0.605
24/04/2002,0.594
25/04/2002,0.633
26/04/2002,0.696
27/04/2002,0.62
28/04/2002,0.729
29/04/2002,0.982
30/04/2002,0.922
01/05/2002,1.15
02/05/2002,0.904
03/05/2002,0.842
04/05/2002,0.719
05/05/2002,0.658
06/05/2002,0.637
07/05/2002,0.639
08/05/2002,0.646
09/05/2002,0.645
10/05/2002,0.631
11/05/2002,0.602
12/05/2002,0.601
13/05/2002,0.723
14/05/2002,0.612
15/05/2002,0.586
16/05/2002,0.582
17/05/2002,0.573
18/05/2002,0.642
19/05/2002,0.592
20/05/2002,0.67
21/05/2002,0.618
22/05/2002,0.703
23/05/2002,1.435
24/05/2002,3.699
25/05/2002,2.039
26/05/2002,1.23
27/05/2002,1.734
28/05/2002,1.053
29/05/2002,0.939
30/05/2002,0.823
31/05/2002,0.736
01/06/2002,0.757
02/06/2002,0.859
03/06/2002,0.876
04/06/2002,0.744
05/06/2002,0.908
06/06/2002,0.803
07/06/2002,1.206
08/06/2002,1.061
09/06/2002,1.18
10/06/2002,1.262
11/06/2002,0.909
12/06/2002,0.865
13/06/2002,1.177
14/06/2002,4.344
15/06/2002,3.047
16/06/2002,1.508
17/06/2002,1.134
18/06/2002,1.044
19/06/2002,0.871
20/06/2002,0.76
21/06/2002,0.723
22/06/2002,1.029
23/06/2002,0.833
24/06/2002,0.668
25/06/2002,0.619
26/06/2002,0.644
27/06/2002,0.606
28/06/2002,0.571
29/06/2002,0.589
30/06/2002,0.86
01/07/2002,0.72
02/07/2002,0.747
03/07/2002,0.854
04/07/2002,0.753
05/07/2002,0.642
06/07/2002,0.606
07/07/2002,0.605
08/07/2002,0.596
09/07/2002,0.57
10/07/2002,0.6
11/07/2002,0.555
12/07/2002,0.586
13/07/2002,0.558
14/07/2002,0.554
15/07/2002,0.56
16/07/2002,0.555
17/07/2002,0.55
18/07/2002,0.568
19/07/2002,0.675
20/07/2002,1.23
21/07/2002,0.807
22/07/2002,0.994
23/07/2002,2.57
24/07/2002,1.028
25/07/2002,0.748
26/07/2002,0.668
27/07/2002,0.625
28/07/2002,0.796
29/07/2002,0.935
30/07/2002,4.278
31/07/2002,7.811
01/08/2002,2.339
02/08/2002,7.371
03/08/2002,4.545
04/08/2002,1.498
05/08/2002,3.84
06/08/2002,3.459
07/08/2002,2.324
08/08/2002,2.646
09/08/2002,8.062
10/08/2002,2.778
11/08/2002,5.586
12/08/2002,3.74
13/08/2002,3.608
14/08/2002,3.111
15/08/2002,1.694
16/08/2002,1.448
17/08/2002,1.347
18/08/2002,4.959
19/08/2002,2.078
20/08/2002,1.1
21/08/2002,1.255
22/08/2002,1.13
23/08/2002,1.105
24/08/2002,1.057
25/08/2002,1.008
26/08/2002,0.898
27/08/2002,0.83
28/08/2002,0.824
29/08/2002,0.854
30/08/2002,2.514
31/08/2002,1.171
01/09/2002,0.898
02/09/2002,0.827
03/09/2002,0.797
04/09/2002,0.776
05/09/2002,0.796
06/09/2002,0.79
07/09/2002,1.057
08/09/2002,0.813
09/09/2002,2.463
10/09/2002,1.439
11/09/2002,0.969
12/09/2002,0.876
13/09/2002,0.837
14/09/2002,0.804
15/09/2002,0.791
16/09/2002,0.772
17/09/2002,0.754
18/09/2002,0.742
19/09/2002,0.729
20/09/2002,0.718
21/09/2002,0.716
22/09/2002,0.709
23/09/2002,0.697
24/09/2002,0.688
25/09/2002,0.685
26/09/2002,0.675
27/09/2002,0.671
28/09/2002,0.665
29/09/2002,0.665
30/09/2002,0.661
01/10/2002,0.66
02/10/2002,0.658
03/10/2002,0.744
04/10/2002,0.67
05/10/2002,0.659
06/10/2002,0.653
07/10/2002,0.659
08/10/2002,0.652
09/10/2002,0.646
10/10/2002,0.653
11/10/2002,1.59
12/10/2002,4.198
13/10/2002,1.551
14/10/2002,2.297
15/10/2002,1.832
16/10/2002,1.758
17/10/2002,1.352
18/10/2002,1.194
19/10/2002,1.069
20/10/2002,1.235
21/10/2002,12.57
22/10/2002,23.44
23/10/2002,8.334
24/10/2002,7.206
25/10/2002,8.669
26/10/2002,6.567
27/10/2002,9.354
28/10/2002,7.01
29/10/2002,5.207
30/10/2002,3.634
31/10/2002,3.132
01/11/2002,3.285
02/11/2002,4.72
03/11/2002,4.044
04/11/2002,3.041
05/11/2002,3.15
06/11/2002,3.76
07/11/2002,2.867
08/11/2002,3.57
09/11/2002,2.894
10/11/2002,3.081
11/11/2002,2.871
12/11/2002,2.761
13/11/2002,2.577
14/11/2002,13.84
15/11/2002,6.529
16/11/2002,4.096
17/11/2002,2.832
18/11/2002,2.568
19/11/2002,2.459
20/11/2002,2.4
21/11/2002,2.726
22/11/2002,2.663
23/11/2002,2.39
24/11/2002,2.257
25/11/2002,2.059
26/11/2002,1.926
27/11/2002,1.822
28/11/2002,1.804
29/11/2002,1.858
30/11/2002,1.84
01/12/2002,3.661
02/12/2002,3.533
03/12/2002,2.462
04/12/2002,2.85
05/12/2002,2.212
06/12/2002,2.087
07/12/2002,1.984
08/12/2002,1.888
09/12/2002,1.745
10/12/2002,1.668
11/12/2002,1.602
12/12/2002,1.568
13/12/2002,1.218
14/12/2002,1.075
15/12/2002,1.418
16/12/2002,3.122
17/12/2002,1.586
18/12/2002,1.294
19/12/2002,1.188
20/12/2002,1.09
21/12/2002,1.975
22/12/2002,2.569
23/12/2002,2.871
24/12/2002,2.189
25/12/2002,1.9
26/12/2002,3.243
27/12/2002,4.471
28/12/2002,2.582
29/12/2002,2.204
30/12/2002,2.094
31/12/2002,1.692
01/01/2003,3.173
02/01/2003,5.902
03/01/2003,2.561
04/01/2003,1.869
05/01/2003,1.643
06/01/2003,1.449
07/01/2003,1.364
08/01/2003,2.058
09/01/2003,2.219
10/01/2003,1.853
11/01/2003,1.647
12/01/2003,3.802
13/01/2003,3.072
14/01/2003,2.556
15/01/2003,3.369
16/01/2003,3.754
17/01/2003,5.397
18/01/2003,3.349
19/01/2003,3.02
20/01/2003,3.308
21/01/2003,2.718
22/01/2003,4.202
23/01/2003,2.727
24/01/2003,2.72
25/01/2003,3.555
26/01/2003,2.652
27/01/2003,3.387
28/01/2003,2.973
29/01/2003,2.353
30/01/2003,2.134
31/01/2003,2.003
01/02/2003,2.274
02/02/2003,2.853
03/02/2003,2.244
04/02/2003,2.016
05/02/2003,1.928
06/02/2003,3.601
07/02/2003,2.602
08/02/2003,2.204
09/02/2003,2.376
10/02/2003,2.429
11/02/2003,2.194
12/02/2003,2.076
13/02/2003,1.553
14/02/2003,1.257
15/02/2003,1.143
16/02/2003,1.104
17/02/2003,1.013
18/02/2003,0.896
19/02/2003,0.848
20/02/2003,0.832
21/02/2003,0.783
22/02/2003,0.777
23/02/2003,0.771
24/02/2003,0.786
25/02/2003,0.75
26/02/2003,0.721
27/02/2003,0.713
28/02/2003,0.697
01/03/2003,0.978
02/03/2003,1.065
03/03/2003,0.843
04/03/2003,0.825
05/03/2003,0.77
06/03/2003,0.719
07/03/2003,0.722
08/03/2003,0.723
09/03/2003,0.877
10/03/2003,0.915
11/03/2003,1.274
12/03/2003,0.91
13/03/2003,0.786
14/03/2003,0.733
15/03/2003,0.684
16/03/2003,0.671
17/03/2003,0.659
18/03/2003,0.646
19/03/2003,0.635
20/03/2003,0.624
21/03/2003,0.61
22/03/2003,0.602
23/03/2003,0.596
24/03/2003,0.592
25/03/2003,0.583
26/03/2003,0.577
27/03/2003,0.572
28/03/2003,0.568
29/03/2003,0.556
30/03/2003,0.543
31/03/2003,0.63
01/04/2003,0.826
02/04/2003,0.614
03/04/2003,0.58
04/04/2003,0.568
05/04/2003,0.562
06/04/2003,0.567
07/04/2003,0.568
08/04/2003,0.557
09/04/2003,0.558
10/04/2003,0.554
11/04/2003,0.55
12/04/2003,0.542
13/04/2003,0.538
14/04/2003,0.54
15/04/2003,0.538
16/04/2003,0.533
17/04/2003,0.526
18/04/2003,0.528
19/04/2003,0.526
20/04/2003,0.533
21/04/2003,0.54
22/04/2003,0.528
23/04/2003,0.525
24/04/2003,0.53
25/04/2003,0.66
26/04/2003,0.543
27/04/2003,0.584
28/04/2003,1.002
29/04/2003,0.765
30/04/2003,1.037
01/05/2003,1.659
02/05/2003,1.163
03/05/2003,1.138
04/05/2003,1.143
05/05/2003,1.547
06/05/2003,0.894
07/05/2003,0.689
08/05/2003,0.633
09/05/2003,0.664
10/05/2003,0.62
11/05/2003,0.648
12/05/2003,0.907
13/05/2003,0.736
14/05/2003,0.64
15/05/2003,0.55
16/05/2003,0.676
17/05/2003,0.653
18/05/2003,0.779
19/05/2003,0.904
20/05/2003,0.742
21/05/2003,0.757
22/05/2003,0.541
23/05/2003,0.573
24/05/2003,0.658
25/05/2003,0.515
26/05/2003,0.455
27/05/2003,0.45
28/05/2003,0.435
29/05/2003,0.386
30/05/2003,0.49
31/05/2003,0.402
01/06/2003,0.374
02/06/2003,0.369
03/06/2003,0.363
04/06/2003,0.403
05/06/2003,0.382
06/06/2003,0.368
07/06/2003,0.397
08/06/2003,0.472
09/06/2003,0.409
10/06/2003,0.381
11/06/2003,0.664
12/06/2003,0.911
13/06/2003,0.946
14/06/2003,0.976
15/06/2003,0.959
16/06/2003,0.937
17/06/2003,0.848
18/06/2003,0.823
19/06/2003,0.815
20/06/2003,0.558
21/06/2003,0.457
22/06/2003,0.469
23/06/2003,0.447
24/06/2003,0.432
25/06/2003,0.432
26/06/2003,0.432
27/06/2003,0.526
28/06/2003,0.452
29/06/2003,0.473
30/06/2003,0.483
01/07/2003,0.726
02/07/2003,0.458
03/07/2003,0.422
04/07/2003,0.392
05/07/2003,0.381
06/07/2003,0.378
07/07/2003,0.478
08/07/2003,0.434
09/07/2003,0.491
10/07/2003,0.466
11/07/2003,0.449
12/07/2003,0.446
13/07/2003,0.436
14/07/2003,0.408
15/07/2003,0.38
16/07/2003,0.376
17/07/2003,0.415
18/07/2003,0.428
19/07/2003,0.469
20/07/2003,0.441
21/07/2003,0.679
22/07/2003,0.489
23/07/2003,0.438
24/07/2003,0.491
25/07/2003,0.603
26/07/2003,0.511
27/07/2003,0.508
28/07/2003,0.549
29/07/2003,0.824
30/07/2003,0.712
31/07/2003,0.603
01/08/2003,0.507
02/08/2003,0.423
03/08/2003,0.424
04/08/2003,0.445
05/08/2003,0.485
06/08/2003,0.46
07/08/2003,0.454
08/08/2003,0.455
09/08/2003,0.454
10/08/2003,0.453
11/08/2003,0.458
12/08/2003,0.458
13/08/2003,0.457
14/08/2003,0.465
15/08/2003,0.458
16/08/2003,0.455
17/08/2003,0.46
18/08/2003,0.466
19/08/2003,0.449
20/08/2003,0.44
21/08/2003,0.448
22/08/2003,0.442
23/08/2003,0.445
24/08/2003,0.444
25/08/2003,0.486
26/08/2003,0.479
27/08/2003,0.492
28/08/2003,0.503
29/08/2003,0.501
30/08/2003,0.469
31/08/2003,0.46
01/09/2003,0.457
02/09/2003,0.456
03/09/2003,0.454
04/09/2003,0.455
05/09/2003,0.474
06/09/2003,0.478
07/09/2003,0.598
08/09/2003,0.523
09/09/2003,0.469
10/09/2003,0.465
11/09/2003,0.47
12/09/2003,0.463
13/09/2003,0.464
14/09/2003,0.477
15/09/2003,0.471
16/09/2003,0.483
17/09/2003,0.469
18/09/2003,0.5
19/09/2003,0.484
20/09/2003,0.522
21/09/2003,1.397
22/09/2003,0.957
23/09/2003,0.538
24/09/2003,0.496
25/09/2003,0.487
26/09/2003,0.489
27/09/2003,0.523
28/09/2003,0.481
29/09/2003,0.503
30/09/2003,0.478
01/10/2003,0.478
02/10/2003,0.476
03/10/2003,0.464
04/10/2003,0.462
05/10/2003,0.476
06/10/2003,0.48
07/10/2003,0.471
08/10/2003,0.558
09/10/2003,0.523
10/10/2003,0.458
11/10/2003,0.424
12/10/2003,0.424
13/10/2003,0.422
14/10/2003,0.422
15/10/2003,0.452
16/10/2003,0.497
17/10/2003,0.499
18/10/2003,0.512
19/10/2003,0.72
20/10/2003,0.529
21/10/2003,1.85
22/10/2003,3.427
23/10/2003,1.285
24/10/2003,0.894
25/10/2003,0.973
26/10/2003,0.793
27/10/2003,0.854
28/10/2003,0.693
29/10/2003,0.608
30/10/2003,0.583
31/10/2003,0.659
01/11/2003,0.637
02/11/2003,0.994
03/11/2003,0.724
04/11/2003,0.651
05/11/2003,0.649
06/11/2003,0.633
07/11/2003,0.625
08/11/2003,0.618
09/11/2003,0.638
10/11/2003,0.603
11/11/2003,0.606
12/11/2003,0.596
13/11/2003,0.627
14/11/2003,0.622
15/11/2003,0.588
16/11/2003,0.584
17/11/2003,0.648
18/11/2003,0.714
19/11/2003,0.735
20/11/2003,0.666
21/11/2003,0.582
22/11/2003,0.512
23/11/2003,0.496
24/11/2003,0.507
25/11/2003,0.565
26/11/2003,0.66
27/11/2003,0.94
28/11/2003,1.733
29/11/2003,3.892
30/11/2003,1.943
01/12/2003,1.823
02/12/2003,3.147
03/12/2003,1.433
04/12/2003,0.991
05/12/2003,0.831
06/12/2003,0.764
07/12/2003,0.7
08/12/2003,0.653
09/12/2003,0.648
10/12/2003,0.732
11/12/2003,0.965
12/12/2003,0.952
13/12/2003,1.056
14/12/2003,0.938
15/12/2003,0.787
16/12/2003,0.78
17/12/2003,0.759
18/12/2003,0.733
19/12/2003,0.806
20/12/2003,3.117
21/12/2003,2.67
22/12/2003,1.917
23/12/2003,3.514
24/12/2003,2.067
25/12/2003,2.343
26/12/2003,4.263
27/12/2003,2.903
28/12/2003,1.84
29/12/2003,1.468
30/12/2003,1.287
31/12/2003,1.727
01/01/2004,2.093
02/01/2004,1.666
03/01/2004,1.723
04/01/2004,1.616
05/01/2004,1.519
06/01/2004,1.465
07/01/2004,1.375
08/01/2004,3.462
09/01/2004,2.831
10/01/2004,2.184
11/01/2004,4.749
12/01/2004,6.871
13/01/2004,5.45
14/01/2004,4.267
15/01/2004,4.348
16/01/2004,5.622
17/01/2004,3.864
18/01/2004,3.606
19/01/2004,3.65
20/01/2004,4.233
21/01/2004,3.647
22/01/2004,3.372
23/01/2004,3.38
24/01/2004,3.446
25/01/2004,3.249
26/01/2004,3.283
27/01/2004,2.751
28/01/2004,1.702
29/01/2004,1.384
30/01/2004,2.304
31/01/2004,5.187
01/02/2004,9.068
02/02/2004,5.008
03/02/2004,5.159
04/02/2004,4.156
05/02/2004,7.374
06/02/2004,4.839
07/02/2004,3.713
08/02/2004,3.303
09/02/2004,3.004
10/02/2004,3.251
11/02/2004,2.548
12/02/2004,1.918
13/02/2004,1.491
14/02/2004,1.391
15/02/2004,1.269
16/02/2004,1.552
17/02/2004,1.764
18/02/2004,1.335
19/02/2004,1.18
20/02/2004,1.031
21/02/2004,0.933
22/02/2004,0.856
23/02/2004,0.835
24/02/2004,0.822
25/02/2004,0.77
26/02/2004,0.745
27/02/2004,0.717
28/02/2004,0.686
29/02/2004,0.667
01/03/2004,0.669
02/03/2004,0.67
03/03/2004,0.788
04/03/2004,0.805
05/03/2004,0.733
06/03/2004,0.71
07/03/2004,0.703
08/03/2004,0.658
09/03/2004,0.636
10/03/2004,0.638
11/03/2004,0.638
12/03/2004,0.626
13/03/2004,0.622
14/03/2004,0.659
15/03/2004,0.712
16/03/2004,0.659
17/03/2004,0.611
18/03/2004,0.708
19/03/2004,2.208
20/03/2004,3.404
21/03/2004,1.654
22/03/2004,1.068
23/03/2004,0.902
24/03/2004,0.826
25/03/2004,0.772
26/03/2004,0.813
27/03/2004,0.737
28/03/2004,0.694
29/03/2004,0.66
30/03/2004,0.638
31/03/2004,0.603
01/04/2004,0.606
02/04/2004,0.758
03/04/2004,1.336
04/04/2004,1.123
05/04/2004,0.858
06/04/2004,1.184
07/04/2004,0.917
08/04/2004,0.78
09/04/2004,0.727
10/04/2004,0.687
11/04/2004,0.663
12/04/2004,0.616
13/04/2004,0.605
14/04/2004,0.581
15/04/2004,0.696
16/04/2004,0.677
17/04/2004,0.76
18/04/2004,4.263
19/04/2004,4.162
20/04/2004,2.158
21/04/2004,1.352
22/04/2004,1.023
23/04/2004,0.923
24/04/2004,0.906
25/04/2004,0.808
26/04/2004,0.831
27/04/2004,1.884
28/04/2004,1.329
29/04/2004,2.076
30/04/2004,5.617
01/05/2004,2.415
02/05/2004,1.483
03/05/2004,1.35
04/05/2004,3.845
05/05/2004,3.029
06/05/2004,2.328
07/05/2004,2.007
08/05/2004,2.208
09/05/2004,2.119
10/05/2004,1.624
11/05/2004,1.421
12/05/2004,1.366
13/05/2004,1.317
14/05/2004,0.835
15/05/2004,0.478
16/05/2004,0.428
17/05/2004,0.403
18/05/2004,0.573
19/05/2004,0.552
20/05/2004,0.648
21/05/2004,0.739
22/05/2004,0.562
23/05/2004,0.545
24/05/2004,0.537
25/05/2004,0.532
26/05/2004,0.515
27/05/2004,0.51
28/05/2004,0.517
29/05/2004,0.552
30/05/2004,0.596
31/05/2004,0.673
01/06/2004,0.936
02/06/2004,0.598
03/06/2004,0.571
04/06/2004,0.491
05/06/2004,0.48
06/06/2004,0.466
07/06/2004,0.459
08/06/2004,0.47
09/06/2004,0.559
10/06/2004,0.753
11/06/2004,0.537
12/06/2004,0.478
13/06/2004,0.443
14/06/2004,0.44
15/06/2004,0.451
16/06/2004,0.471
17/06/2004,0.66
18/06/2004,0.565
19/06/2004,0.62
20/06/2004,0.498
21/06/2004,0.461
22/06/2004,0.511
23/06/2004,12.11
24/06/2004,15.61
25/06/2004,5.392
26/06/2004,3.398
27/06/2004,3.105
28/06/2004,2.505
29/06/2004,2.257
30/06/2004,3.634
01/07/2004,2.365
02/07/2004,4.249
03/07/2004,7.239
04/07/2004,5.837
05/07/2004,4.644
06/07/2004,2.392
07/07/2004,1.965
08/07/2004,2.266
09/07/2004,2.581
10/07/2004,2.537
11/07/2004,2.484
12/07/2004,2.43
13/07/2004,1.407
14/07/2004,0.908
15/07/2004,0.768
16/07/2004,0.622
17/07/2004,0.684
18/07/2004,0.621
19/07/2004,0.6
20/07/2004,0.601
21/07/2004,0.581
22/07/2004,0.566
23/07/2004,0.561
24/07/2004,0.563
25/07/2004,0.563
26/07/2004,0.534
27/07/2004,0.522
28/07/2004,0.493
29/07/2004,0.469
30/07/2004,0.474
31/07/2004,0.476
01/08/2004,0.478
02/08/2004,0.474
03/08/2004,0.897
04/08/2004,0.937
05/08/2004,0.689
06/08/2004,0.647
07/08/2004,0.591
08/08/2004,0.596
09/08/2004,5.978
10/08/2004,5.148
11/08/2004,6.234
12/08/2004,5.986
13/08/2004,3.585
14/08/2004,2.163
15/08/2004,1.737
16/08/2004,1.69
17/08/2004,2.609
18/08/2004,6.169
19/08/2004,4.471
20/08/2004,3.255
21/08/2004,2.695
22/08/2004,2.432
23/08/2004,2.37
24/08/2004,2.113
25/08/2004,1.957
26/08/2004,2.321
27/08/2004,2.319
28/08/2004,1.904
29/08/2004,1.843
30/08/2004,1.767
31/08/2004,1.414
01/09/2004,1.151
02/09/2004,0.89
03/09/2004,0.784
04/09/2004,0.77
05/09/2004,0.844
06/09/2004,0.829
07/09/2004,0.757
08/09/2004,0.754
09/09/2004,0.764
10/09/2004,0.764
11/09/2004,0.766
12/09/2004,0.763
13/09/2004,0.759
14/09/2004,0.612
15/09/2004,0.532
16/09/2004,0.629
17/09/2004,0.655
18/09/2004,0.837
19/09/2004,1.298
20/09/2004,1.435
21/09/2004,0.873
22/09/2004,0.703
23/09/2004,0.648
24/09/2004,0.599
25/09/2004,0.594
26/09/2004,0.595
27/09/2004,0.598
28/09/2004,0.636
29/09/2004,0.622
30/09/2004,0.793
01/10/2004,0.676
02/10/2004,0.863
03/10/2004,0.944
04/10/2004,2.817
05/10/2004,1.712
06/10/2004,2.199
07/10/2004,1.341
08/10/2004,1.203
09/10/2004,1.142
10/10/2004,1.11
11/10/2004,1.067
12/10/2004,1.106
13/10/2004,1.356
14/10/2004,1.671
15/10/2004,5.556
16/10/2004,9.158
17/10/2004,2.394
18/10/2004,1.786
19/10/2004,3.389
20/10/2004,4.434
21/10/2004,5.936
22/10/2004,2.113
23/10/2004,1.741
24/10/2004,7.129
25/10/2004,5.071
26/10/2004,2.863
27/10/2004,2.108
28/10/2004,2.305
29/10/2004,9.484
30/10/2004,4.804
31/10/2004,2.559
01/11/2004,1.807
02/11/2004,2.36
03/11/2004,2.641
04/11/2004,2.694
05/11/2004,2.438
06/11/2004,3.194
07/11/2004,2.761
08/11/2004,2.386
09/11/2004,2.235
10/11/2004,2.114
11/11/2004,2.086
12/11/2004,2.043
13/11/2004,1.982
14/11/2004,2.006
15/11/2004,2.094
16/11/2004,2.696
17/11/2004,2.237
18/11/2004,1.93
19/11/2004,1.776
20/11/2004,1.677
21/11/2004,2.003
22/11/2004,2.146
23/11/2004,1.888
24/11/2004,1.77
25/11/2004,1.702
26/11/2004,1.624
27/11/2004,1.978
28/11/2004,2.072
29/11/2004,1.766
30/11/2004,1.5
01/12/2004,1.359
02/12/2004,1.305
03/12/2004,1.292
04/12/2004,1.278
05/12/2004,1.253
06/12/2004,1.259
07/12/2004,1.1
08/12/2004,0.989
09/12/2004,0.979
10/12/2004,0.958
11/12/2004,0.948
12/12/2004,0.939
13/12/2004,0.972
14/12/2004,1.709
15/12/2004,1.619
16/12/2004,3.732
17/12/2004,2.098
18/12/2004,1.428
19/12/2004,1.19
20/12/2004,1.122
21/12/2004,1.456
22/12/2004,2.132
23/12/2004,3.44
24/12/2004,3.333
25/12/2004,1.835
26/12/2004,1.437
27/12/2004,3.357
28/12/2004,2.438
29/12/2004,2.366
30/12/2004,3.56
31/12/2004,2.685
01/01/2005,4.621
02/01/2005,3.641
03/01/2005,3.327
04/01/2005,2.711
05/01/2005,4.065
06/01/2005,3.346
07/01/2005,11.21
08/01/2005,10.44
09/01/2005,9.713
10/01/2005,6.421
11/01/2005,4.317
12/01/2005,5.768
13/01/2005,4.057
14/01/2005,3.509
15/01/2005,3.259
16/01/2005,3.136
17/01/2005,3.327
18/01/2005,3.382
19/01/2005,4.808
20/01/2005,3.634
21/01/2005,3.142
22/01/2005,2.947
23/01/2005,2.84
24/01/2005,2.255
25/01/2005,2.095
26/01/2005,2.264
27/01/2005,1.648
28/01/2005,1.402
29/01/2005,1.326
30/01/2005,1.299
31/01/2005,1.285
01/02/2005,1.408
02/02/2005,1.392
03/02/2005,1.067
04/02/2005,0.954
05/02/2005,0.995
06/02/2005,0.973
07/02/2005,0.935
08/02/2005,1.64
09/02/2005,2.421
10/02/2005,2.169
11/02/2005,4.073
12/02/2005,4.024
13/02/2005,2.288
14/02/2005,2.021
15/02/2005,1.851
16/02/2005,1.802
17/02/2005,1.739
18/02/2005,1.755
19/02/2005,1.673
20/02/2005,1.647
21/02/2005,1.74
22/02/2005,1.289
23/02/2005,1.139
24/02/2005,1.752
25/02/2005,3.147
26/02/2005,3.236
27/02/2005,2.905
28/02/2005,3.268
01/03/2005,4.271
02/03/2005,2.805
03/03/2005,2.76
04/03/2005,3.683
05/03/2005,2.619
06/03/2005,2.218
07/03/2005,2.172
08/03/2005,1.508
09/03/2005,1.497
10/03/2005,1.644
11/03/2005,1.524
12/03/2005,1.102
13/03/2005,0.995
14/03/2005,2.199
15/03/2005,3.701
16/03/2005,1.879
17/03/2005,1.305
18/03/2005,1.369
19/03/2005,1.342
20/03/2005,1.148
21/03/2005,1.086
22/03/2005,1.046
23/03/2005,0.968
24/03/2005,0.917
25/03/2005,0.912
26/03/2005,0.99
27/03/2005,1.304
28/03/2005,9.98
29/03/2005,2.59
30/03/2005,4.148
31/03/2005,2.25
01/04/2005,1.773
02/04/2005,1.327
03/04/2005,1.083
04/04/2005,1.2
05/04/2005,1.949
06/04/2005,2.57
07/04/2005,1.87
08/04/2005,1.501
09/04/2005,1.454
10/04/2005,1.389
11/04/2005,1.359
12/04/2005,1.341
13/04/2005,1.31
14/04/2005,1.108
15/04/2005,1.199
16/04/2005,2.789
17/04/2005,1.476
18/04/2005,1.42
19/04/2005,1.244
20/04/2005,1.143
21/04/2005,1.066
22/04/2005,1.024
23/04/2005,0.983
24/04/2005,0.952
25/04/2005,0.934
26/04/2005,1.083
27/04/2005,1.287
28/04/2005,1.04
29/04/2005,0.945
30/04/2005,0.926
01/05/2005,1.267
02/05/2005,1.001
03/05/2005,1.709
04/05/2005,1.327
05/05/2005,1.056
06/05/2005,0.978
07/05/2005,0.934
08/05/2005,0.905
09/05/2005,0.89
10/05/2005,0.835
11/05/2005,0.737
12/05/2005,0.636
13/05/2005,0.625
14/05/2005,0.617
15/05/2005,0.635
16/05/2005,0.617
17/05/2005,0.537
18/05/2005,0.769
19/05/2005,0.83
20/05/2005,0.619
21/05/2005,0.833
22/05/2005,1.671
23/05/2005,1.113
24/05/2005,0.937
25/05/2005,0.951
26/05/2005,1.144
27/05/2005,0.786
28/05/2005,0.769
29/05/2005,0.666
30/05/2005,0.6
31/05/2005,0.572
01/06/2005,1.092
02/06/2005,1.312
03/06/2005,1.133
04/06/2005,1.63
05/06/2005,1.414
06/06/2005,1.034
07/06/2005,0.894
08/06/2005,0.868
09/06/2005,0.91
10/06/2005,0.926
11/06/2005,0.943
12/06/2005,1.19
13/06/2005,1.098
14/06/2005,1.09
15/06/2005,1.04
16/06/2005,1.198
17/06/2005,1.101
18/06/2005,0.956
19/06/2005,0.907
20/06/2005,0.877
21/06/2005,0.88
22/06/2005,0.784
23/06/2005,0.699
24/06/2005,0.725
25/06/2005,0.732
26/06/2005,0.716
27/06/2005,0.711
28/06/2005,0.586
29/06/2005,0.437
30/06/2005,0.687
01/07/2005,0.447
02/07/2005,0.416
03/07/2005,0.417
04/07/2005,0.448
05/07/2005,0.575
06/07/2005,0.838
07/07/2005,0.456
08/07/2005,0.37
09/07/2005,0.318
10/07/2005,0.312
11/07/2005,0.298
12/07/2005,0.289
13/07/2005,0.283
14/07/2005,0.337
15/07/2005,0.485
16/07/2005,0.482
17/07/2005,0.488
18/07/2005,0.49
19/07/2005,0.499
20/07/2005,0.494
21/07/2005,0.43
22/07/2005,0.283
23/07/2005,0.269
24/07/2005,0.277
25/07/2005,0.279
26/07/2005,0.312
27/07/2005,0.486
28/07/2005,0.578
29/07/2005,1.083
30/07/2005,0.712
31/07/2005,0.527
01/08/2005,0.49
02/08/2005,0.48
03/08/2005,0.475
04/08/2005,0.627
05/08/2005,0.595
06/08/2005,0.613
07/08/2005,0.587
08/08/2005,0.577
09/08/2005,0.604
10/08/2005,0.59
11/08/2005,0.57
12/08/2005,0.663
13/08/2005,0.671
14/08/2005,0.597
15/08/2005,0.538
16/08/2005,0.523
17/08/2005,0.511
18/08/2005,0.554
19/08/2005,0.669
20/08/2005,0.526
21/08/2005,0.533
22/08/2005,0.502
23/08/2005,0.657
24/08/2005,0.688
25/08/2005,0.591
26/08/2005,0.59
27/08/2005,0.619
28/08/2005,0.677
29/08/2005,0.616
30/08/2005,0.536
31/08/2005,0.538
01/09/2005,0.528
02/09/2005,0.49
03/09/2005,0.491
04/09/2005,0.468
05/09/2005,0.469
06/09/2005,0.504
07/09/2005,0.551
08/09/2005,0.648
09/09/2005,1.225
10/09/2005,0.869
11/09/2005,0.733
12/09/2005,0.665
13/09/2005,0.664
14/09/2005,0.657
15/09/2005,0.659
16/09/2005,0.655
17/09/2005,0.67
18/09/2005,0.681
19/09/2005,0.704
20/09/2005,0.687
21/09/2005,0.663
22/09/2005,0.645
23/09/2005,0.678
24/09/2005,0.669
25/09/2005,0.663
26/09/2005,0.839
27/09/2005,0.777
28/09/2005,0.785
29/09/2005,0.768
30/09/2005,0.769
01/10/2005,0.717
02/10/2005,0.681
03/10/2005,0.661
04/10/2005,0.653
05/10/2005,0.645
06/10/2005,0.662
07/10/2005,0.65
08/10/2005,0.654
09/10/2005,0.641
10/10/2005,0.837
11/10/2005,9.115
12/10/2005,6.155
13/10/2005,2.167
14/10/2005,1.29
15/10/2005,1.029
16/10/2005,0.91
17/10/2005,0.816
18/10/2005,0.787
19/10/2005,0.841
20/10/2005,0.768
21/10/2005,1.004
22/10/2005,1.128
23/10/2005,1.359
24/10/2005,9.041
25/10/2005,4.628
26/10/2005,3.365
27/10/2005,2.085
28/10/2005,1.304
29/10/2005,1.387
30/10/2005,1.676
31/10/2005,1.263
01/11/2005,1.153
02/11/2005,3.589
03/11/2005,4.161
04/11/2005,2.967
05/11/2005,2.175
06/11/2005,2.241
07/11/2005,1.759
08/11/2005,2.468
09/11/2005,1.883
10/11/2005,2.337
11/11/2005,3.162
12/11/2005,2.042
13/11/2005,1.764
14/11/2005,1.72
15/11/2005,1.789
16/11/2005,1.708
17/11/2005,1.595
18/11/2005,1.535
19/11/2005,1.534
20/11/2005,1.524
21/11/2005,1.522
22/11/2005,1.607
23/11/2005,1.744
24/11/2005,1.715
25/11/2005,1.941
26/11/2005,4.41
27/11/2005,3.018
28/11/2005,2.156
29/11/2005,2.111
30/11/2005,2.306
01/12/2005,2.235
02/12/2005,2.159
03/12/2005,3.682
04/12/2005,3.34
05/12/2005,3.526
06/12/2005,3.68
07/12/2005,2.165
08/12/2005,1.878
09/12/2005,1.818
10/12/2005,1.772
11/12/2005,1.714
12/12/2005,1.601
13/12/2005,1.584
14/12/2005,1.536
15/12/2005,1.515
16/12/2005,1.465
17/12/2005,1.425
18/12/2005,1.455
19/12/2005,1.416
20/12/2005,1.228
21/12/2005,1.235
22/12/2005,1.249
23/12/2005,1.362
24/12/2005,1.186
25/12/2005,1.094
26/12/2005,1.173
27/12/2005,1.147
28/12/2005,1.049
29/12/2005,1.053
30/12/2005,2.224
31/12/2005,2.421
01/01/2006,1.713
02/01/2006,1.391
03/01/2006,1.355
04/01/2006,1.224
05/01/2006,1.201
06/01/2006,1.147
07/01/2006,1.122
08/01/2006,1.074
09/01/2006,1.07
10/01/2006,1.764
11/01/2006,2.997
12/01/2006,1.73
13/01/2006,1.503
14/01/2006,1.969
15/01/2006,1.463
16/01/2006,1.488
17/01/2006,1.559
18/01/2006,2.325
19/01/2006,2.34
20/01/2006,3.324
21/01/2006,1.856
22/01/2006,1.509
23/01/2006,1.35
24/01/2006,1.256
25/01/2006,1.144
26/01/2006,1.126
27/01/2006,1.135
28/01/2006,1.225
29/01/2006,1.154
30/01/2006,1.046
31/01/2006,0.883
01/02/2006,0.836
02/02/2006,0.825
03/02/2006,0.805
04/02/2006,0.81
05/02/2006,0.786
06/02/2006,0.754
07/02/2006,0.87
08/02/2006,0.914
09/02/2006,0.787
10/02/2006,0.751
11/02/2006,0.852
12/02/2006,0.887
13/02/2006,0.856
14/02/2006,2.176
15/02/2006,2.265
16/02/2006,1.538
17/02/2006,1.355
18/02/2006,1.104
19/02/2006,1.303
20/02/2006,1.406
21/02/2006,1.241
22/02/2006,1.269
23/02/2006,2.783
24/02/2006,3.009
25/02/2006,1.534
26/02/2006,1.252
27/02/2006,1.307
28/02/2006,1.171
01/03/2006,1.033
02/03/2006,0.958
03/03/2006,0.925
04/03/2006,0.938
05/03/2006,0.873
06/03/2006,0.866
07/03/2006,1.192
08/03/2006,1.491
09/03/2006,1.504
10/03/2006,1.916
11/03/2006,1.478
12/03/2006,1.571
13/03/2006,2.806
14/03/2006,3.508
15/03/2006,2.175
16/03/2006,2.551
17/03/2006,2.229
18/03/2006,1.828
19/03/2006,1.629
20/03/2006,1.565
21/03/2006,1.453
22/03/2006,1.374
23/03/2006,1.337
24/03/2006,1.339
25/03/2006,2.083
26/03/2006,3.528
27/03/2006,4.126
28/03/2006,4.262
29/03/2006,2.817
30/03/2006,3.469
31/03/2006,4.638
01/04/2006,3.26
02/04/2006,2.613
03/04/2006,2.423
04/04/2006,2.411
05/04/2006,2.326
06/04/2006,2.302
07/04/2006,2.585
08/04/2006,2.584
09/04/2006,2.34
10/04/2006,2.256
11/04/2006,2.401
12/04/2006,2.008
13/04/2006,1.936
14/04/2006,1.848
15/04/2006,1.784
16/04/2006,1.752
17/04/2006,1.711
18/04/2006,1.41
19/04/2006,1.244
20/04/2006,1.002
21/04/2006,0.818
22/04/2006,0.82
23/04/2006,0.79
24/04/2006,0.759
25/04/2006,0.755
26/04/2006,0.736
27/04/2006,0.682
28/04/2006,0.651
29/04/2006,0.649
30/04/2006,0.704
01/05/2006,0.738
02/05/2006,0.663
03/05/2006,0.619
04/05/2006,0.587
05/05/2006,0.572
06/05/2006,0.705
07/05/2006,0.864
08/05/2006,0.663
09/05/2006,0.585
10/05/2006,0.605
11/05/2006,0.589
12/05/2006,0.589
13/05/2006,0.596
14/05/2006,0.833
15/05/2006,1.133
16/05/2006,1.264
17/05/2006,1.357
18/05/2006,1.293
19/05/2006,0.857
20/05/2006,1.613
21/05/2006,3.943
22/05/2006,2.969
23/05/2006,1.617
24/05/2006,1.281
25/05/2006,1.166
26/05/2006,1.154
27/05/2006,1.093
28/05/2006,0.951
29/05/2006,0.966
30/05/2006,1.017
31/05/2006,0.956
01/06/2006,0.898
02/06/2006,0.875
03/06/2006,0.865
04/06/2006,0.86
05/06/2006,0.687
06/06/2006,0.607
07/06/2006,0.602
08/06/2006,0.586
09/06/2006,0.593
10/06/2006,0.596
11/06/2006,0.652
12/06/2006,0.63
13/06/2006,0.571
14/06/2006,0.53
15/06/2006,0.517
16/06/2006,0.515
17/06/2006,0.524
18/06/2006,0.534
19/06/2006,0.513
20/06/2006,0.648
21/06/2006,0.594
22/06/2006,0.538
23/06/2006,0.518
24/06/2006,0.514
25/06/2006,0.504
26/06/2006,0.501
27/06/2006,0.499
28/06/2006,0.497
29/06/2006,0.493
30/06/2006,0.533
01/07/2006,0.527
02/07/2006,1.57
03/07/2006,0.596
04/07/2006,0.531
05/07/2006,0.531
06/07/2006,0.523
07/07/2006,0.745
08/07/2006,0.538
09/07/2006,0.562
10/07/2006,0.502
11/07/2006,0.487
12/07/2006,0.477
13/07/2006,0.469
14/07/2006,0.459
15/07/2006,0.456
16/07/2006,0.446
17/07/2006,0.446
18/07/2006,0.421
19/07/2006,0.389
20/07/2006,0.389
21/07/2006,0.416
22/07/2006,0.384
23/07/2006,0.382
24/07/2006,0.368
25/07/2006,0.371
26/07/2006,0.419
27/07/2006,0.364
28/07/2006,0.366
29/07/2006,0.419
30/07/2006,0.418
31/07/2006,0.408
01/08/2006,0.469
02/08/2006,0.936
03/08/2006,0.472
04/08/2006,0.408
05/08/2006,0.399
06/08/2006,0.381
07/08/2006,0.369
08/08/2006,0.374
09/08/2006,0.362
10/08/2006,0.386
11/08/2006,0.359
12/08/2006,0.351
13/08/2006,0.35
14/08/2006,0.355
15/08/2006,0.345
16/08/2006,0.316
17/08/2006,0.609
18/08/2006,1.874
19/08/2006,0.67
20/08/2006,0.489
21/08/2006,0.431
22/08/2006,0.408
23/08/2006,0.388
24/08/2006,0.356
25/08/2006,0.363
26/08/2006,0.357
27/08/2006,0.344
28/08/2006,0.357
29/08/2006,0.355
30/08/2006,0.511
31/08/2006,0.388
01/09/2006,0.361
02/09/2006,0.637
03/09/2006,0.762
04/09/2006,0.455
05/09/2006,0.772
06/09/2006,0.878
07/09/2006,0.59
08/09/2006,0.554
09/09/2006,0.521
10/09/2006,0.508
11/09/2006,0.502
12/09/2006,0.459
13/09/2006,0.438
14/09/2006,2.137
15/09/2006,1.027
16/09/2006,0.705
17/09/2006,0.66
18/09/2006,0.761
19/09/2006,0.84
20/09/2006,0.757
21/09/2006,0.701
22/09/2006,0.655
23/09/2006,0.682
24/09/2006,1.983
25/09/2006,1.885
26/09/2006,1.255
27/09/2006,0.926
28/09/2006,0.852
29/09/2006,0.785
30/09/2006,0.746
01/10/2006,0.733
02/10/2006,0.781
03/10/2006,0.719
04/10/2006,0.636
05/10/2006,0.615
06/10/2006,0.598
07/10/2006,0.586
08/10/2006,0.626
09/10/2006,0.659
10/10/2006,0.555
11/10/2006,0.833
12/10/2006,0.755
13/10/2006,0.611
14/10/2006,0.559
15/10/2006,0.536
16/10/2006,0.528
17/10/2006,0.544
18/10/2006,0.526
19/10/2006,0.774
20/10/2006,1.003
21/10/2006,0.954
22/10/2006,1.101
23/10/2006,1.265
24/10/2006,0.875
25/10/2006,4.608
26/10/2006,4.038
27/10/2006,1.787
28/10/2006,1.458
29/10/2006,1.187
30/10/2006,2.076
31/10/2006,2.175
01/11/2006,1.369
02/11/2006,1.191
03/11/2006,1.103
04/11/2006,1.05
05/11/2006,1.016
06/11/2006,1.012
07/11/2006,1.022
08/11/2006,1.052
09/11/2006,0.994
10/11/2006,2.151
11/11/2006,3.176
12/11/2006,1.679
13/11/2006,1.719
14/11/2006,2.188
15/11/2006,8.329
16/11/2006,3.644
17/11/2006,2.81
18/11/2006,2.358
19/11/2006,5.558
20/11/2006,4.998
21/11/2006,3.448
22/11/2006,2.593
23/11/2006,4.726
24/11/2006,3.94
25/11/2006,3.875
26/11/2006,3.19
27/11/2006,2.54
28/11/2006,2.938
29/11/2006,2.507
30/11/2006,2.391
01/12/2006,2.638
02/12/2006,2.536
03/12/2006,5.06
04/12/2006,4.159
05/12/2006,4.134
06/12/2006,3.489
07/12/2006,4.552
08/12/2006,2.903
09/12/2006,2.421
10/12/2006,4.198
11/12/2006,6.96
12/12/2006,6.179
13/12/2006,9.598
14/12/2006,8.047
15/12/2006,6.425
16/12/2006,5.881
17/12/2006,3.419
18/12/2006,2.513
19/12/2006,2.398
20/12/2006,2.292
21/12/2006,2.187
22/12/2006,2.101
23/12/2006,2.042
24/12/2006,2.003
25/12/2006,1.983
26/12/2006,1.936
27/12/2006,1.782
28/12/2006,1.74
29/12/2006,1.95
30/12/2006,1.965
31/12/2006,4.383
01/01/2007,4.502
02/01/2007,5.009
03/01/2007,4.554
04/01/2007,3.245
05/01/2007,2.67
06/01/2007,2.84
07/01/2007,6.778
08/01/2007,5.196
09/01/2007,4.348
10/01/2007,4.871
11/01/2007,9.073
12/01/2007,8.959
13/01/2007,7.085
14/01/2007,4.674
15/01/2007,3.126
16/01/2007,2.726
17/01/2007,2.903
18/01/2007,5.775
19/01/2007,7.813
20/01/2007,7.017
21/01/2007,4.528
22/01/2007,3.28
23/01/2007,2.8
24/01/2007,2.62
25/01/2007,2.451
26/01/2007,2.385
27/01/2007,2.306
28/01/2007,2.227
29/01/2007,1.812
30/01/2007,1.67
31/01/2007,1.647
01/02/2007,1.532
02/02/2007,1.468
03/02/2007,1.443
04/02/2007,1.419
05/02/2007,1.404
06/02/2007,1.017
07/02/2007,0.817
08/02/2007,0.816
09/02/2007,0.813
10/02/2007,0.889
11/02/2007,1.733
12/02/2007,1.322
13/02/2007,1.167
14/02/2007,1.153
15/02/2007,1.024
16/02/2007,0.987
17/02/2007,0.909
18/02/2007,0.873
19/02/2007,0.923
20/02/2007,1.008
21/02/2007,1.194
22/02/2007,1.465
23/02/2007,1.212
24/02/2007,1.105
25/02/2007,1.331
26/02/2007,1.278
27/02/2007,6.965
28/02/2007,4.338
01/03/2007,2.121
02/03/2007,2.52
03/03/2007,3.187
04/03/2007,2.193
05/03/2007,1.908
06/03/2007,1.756
07/03/2007,1.539
08/03/2007,1.437
09/03/2007,1.464
10/03/2007,1.389
11/03/2007,4.114
12/03/2007,4.84
13/03/2007,2.216
14/03/2007,1.865
15/03/2007,1.619
16/03/2007,1.57
17/03/2007,1.739
18/03/2007,2.13
19/03/2007,1.396
20/03/2007,1.039
21/03/2007,0.991
22/03/2007,0.961
23/03/2007,0.924
24/03/2007,0.893
25/03/2007,0.865
26/03/2007,0.874
27/03/2007,0.865
28/03/2007,1.179
29/03/2007,2.079
30/03/2007,1.15
31/03/2007,0.92
01/04/2007,0.828
02/04/2007,0.801
03/04/2007,0.801
04/04/2007,0.789
05/04/2007,0.851
06/04/2007,0.864
07/04/2007,0.868
08/04/2007,0.899
09/04/2007,0.891
10/04/2007,0.856
11/04/2007,0.788
12/04/2007,0.838
13/04/2007,0.829
14/04/2007,0.776
15/04/2007,0.736
16/04/2007,0.727
17/04/2007,0.742
18/04/2007,0.762
19/04/2007,0.664
20/04/2007,0.571
21/04/2007,0.585
22/04/2007,0.584
23/04/2007,0.575
24/04/2007,0.601
25/04/2007,0.647
26/04/2007,0.612
27/04/2007,0.638
28/04/2007,0.636
29/04/2007,0.649
30/04/2007,0.661
01/05/2007,0.66
02/05/2007,0.672
03/05/2007,0.671
04/05/2007,0.671
05/05/2007,0.748
06/05/2007,0.926
07/05/2007,0.903
08/05/2007,0.789
09/05/2007,1.213
10/05/2007,0.934
11/05/2007,0.867
12/05/2007,1.015
13/05/2007,0.935
14/05/2007,0.808
15/05/2007,0.746
16/05/2007,0.759
17/05/2007,0.789
18/05/2007,0.982
19/05/2007,1.001
20/05/2007,0.793
21/05/2007,0.745
22/05/2007,0.737
23/05/2007,0.746
24/05/2007,0.781
25/05/2007,0.761
26/05/2007,0.81
27/05/2007,0.947
28/05/2007,0.775
29/05/2007,0.945
30/05/2007,0.885
31/05/2007,1.145
01/06/2007,0.805
02/06/2007,0.729
03/06/2007,0.7
04/06/2007,0.672
05/06/2007,0.671
06/06/2007,0.668
07/06/2007,0.688
08/06/2007,0.669
09/06/2007,0.661
10/06/2007,0.664
11/06/2007,0.642
12/06/2007,0.97
13/06/2007,1.087
14/06/2007,0.774
15/06/2007,0.948
16/06/2007,3.627
17/06/2007,1.794
18/06/2007,1.194
19/06/2007,1.682
20/06/2007,3.116
21/06/2007,1.477
22/06/2007,1.419
23/06/2007,4.193
24/06/2007,7.996
25/06/2007,5.576
26/06/2007,3.362
27/06/2007,2.376
28/06/2007,2.046
29/06/2007,2.103
30/06/2007,2.077
01/07/2007,5.714
02/07/2007,4.331
03/07/2007,2.999
04/07/2007,2.254
05/07/2007,2.421
06/07/2007,5.384
07/07/2007,2.608
08/07/2007,1.864
09/07/2007,1.548
10/07/2007,1.144
11/07/2007,0.976
12/07/2007,0.948
13/07/2007,1.326
14/07/2007,1.348
15/07/2007,1.402
16/07/2007,3.928
17/07/2007,2.495
18/07/2007,1.891
19/07/2007,1.511
20/07/2007,1.157
21/07/2007,1.905
22/07/2007,3.615
23/07/2007,2.606
24/07/2007,1.573
25/07/2007,1.511
26/07/2007,2.849
27/07/2007,1.938
28/07/2007,1.365
29/07/2007,1.25
30/07/2007,1.188
31/07/2007,1.04
01/08/2007,0.987
02/08/2007,0.906
03/08/2007,0.894
04/08/2007,0.911
05/08/2007,1.109
06/08/2007,0.832
07/08/2007,0.683
08/08/2007,0.647
09/08/2007,0.634
10/08/2007,0.623
11/08/2007,0.93
12/08/2007,0.846
13/08/2007,0.95
14/08/2007,1.059
15/08/2007,1.152
16/08/2007,0.795
17/08/2007,0.715
18/08/2007,7.005
19/08/2007,6.224
20/08/2007,3.716
21/08/2007,1.465
22/08/2007,1.028
23/08/2007,0.923
24/08/2007,0.873
25/08/2007,0.847
26/08/2007,0.796
27/08/2007,0.722
28/08/2007,0.688
29/08/2007,0.66
30/08/2007,0.73
31/08/2007,0.794
01/09/2007,0.79
02/09/2007,0.789
03/09/2007,0.755
04/09/2007,0.71
05/09/2007,0.713
06/09/2007,1.008
07/09/2007,1.261
08/09/2007,1.251
09/09/2007,1.249
10/09/2007,1.232
11/09/2007,1.099
12/09/2007,1.108
13/09/2007,1.117
14/09/2007,1.09
15/09/2007,1.093
16/09/2007,2.413
17/09/2007,1.421
18/09/2007,1.445
19/09/2007,1.503
20/09/2007,1.401
21/09/2007,1.163
22/09/2007,0.808
23/09/2007,0.79
24/09/2007,1.209
25/09/2007,1.396
26/09/2007,1.541
27/09/2007,1.667
28/09/2007,1.822
29/09/2007,1.834
30/09/2007,1.709
01/10/2007,1.66
02/10/2007,1.233
03/10/2007,1.218
04/10/2007,1.261
05/10/2007,1.139
06/10/2007,1.14
07/10/2007,1.125
08/10/2007,1.254
09/10/2007,2.005
10/10/2007,1.537
11/10/2007,1.414
12/10/2007,1.369
13/10/2007,1.351
14/10/2007,1.342
15/10/2007,1.34
16/10/2007,1.345
17/10/2007,1.284
18/10/2007,1.231
19/10/2007,1.216
20/10/2007,1.189
21/10/2007,1.181
22/10/2007,1.171
23/10/2007,1.155
24/10/2007,1.105
25/10/2007,1.044
26/10/2007,1.094
27/10/2007,1.635
28/10/2007,2.63
29/10/2007,2.137
30/10/2007,1.865
31/10/2007,1.799
01/11/2007,1.794
02/11/2007,1.567
03/11/2007,1.426
04/11/2007,1.396
05/11/2007,1.384
06/11/2007,1.321
07/11/2007,1.289
08/11/2007,1.355
09/11/2007,1.295
10/11/2007,1.279
11/11/2007,1.249
12/11/2007,1.294
13/11/2007,1.182
14/11/2007,1.105
15/11/2007,1.091
16/11/2007,1.08
17/11/2007,1.277
18/11/2007,2.089
19/11/2007,3.28
20/11/2007,3.299
21/11/2007,13.1
22/11/2007,3.515
23/11/2007,2.33
24/11/2007,2.449
25/11/2007,2.008
26/11/2007,1.801
27/11/2007,2.4
28/11/2007,3.212
29/11/2007,2.859
30/11/2007,3.867
01/12/2007,3.809
02/12/2007,3.519
03/12/2007,2.766
04/12/2007,2.793
05/12/2007,3.661
06/12/2007,3.055
07/12/2007,2.639
08/12/2007,5.145
09/12/2007,3.548
10/12/2007,2.748
11/12/2007,2.334
12/12/2007,2.152
13/12/2007,2.062
14/12/2007,1.942
15/12/2007,1.873
16/12/2007,1.784
17/12/2007,1.592
18/12/2007,1.323
19/12/2007,1.278
20/12/2007,1.237
21/12/2007,1.159
22/12/2007,1.159
23/12/2007,1.191
24/12/2007,1.721
25/12/2007,1.25
26/12/2007,1.46
27/12/2007,2.583
28/12/2007,5.374
29/12/2007,2.592
30/12/2007,1.933
31/12/2007,2.158
01/01/2008,4.86
02/01/2008,3.361
03/01/2008,2.556
04/01/2008,3.162
05/01/2008,4.562
06/01/2008,3.437
07/01/2008,3.937
08/01/2008,12.56
09/01/2008,7.626
10/01/2008,9.136
11/01/2008,3.984
12/01/2008,3.571
13/01/2008,4.758
14/01/2008,5.131
15/01/2008,4.052
16/01/2008,3.567
17/01/2008,3.811
18/01/2008,4.241
19/01/2008,3.602
20/01/2008,3.212
21/01/2008,5.538
22/01/2008,4.37
23/01/2008,5.914
24/01/2008,7.426
25/01/2008,12.14
26/01/2008,7.131
27/01/2008,4.992
28/01/2008,4.505
29/01/2008,8.468
30/01/2008,5.61
31/01/2008,7.875
01/02/2008,4.103
02/02/2008,3.852
03/02/2008,3.508
04/02/2008,2.969
05/02/2008,3.181
06/02/2008,2.528
07/02/2008,2.32
08/02/2008,2.14
09/02/2008,2.017
10/02/2008,1.904
11/02/2008,1.859
12/02/2008,1.57
13/02/2008,1.337
14/02/2008,0.918
15/02/2008,0.735
16/02/2008,2.229
17/02/2008,3.105
18/02/2008,1.465
19/02/2008,0.683
20/02/2008,0.936
21/02/2008,1.042
22/02/2008,1.423
23/02/2008,2.284
24/02/2008,1.527
25/02/2008,2.889
26/02/2008,2.459
27/02/2008,1.645
28/02/2008,1.479
29/02/2008,7.085
01/03/2008,3.391
02/03/2008,2.737
03/03/2008,2.657
04/03/2008,2.528
05/03/2008,2.52
06/03/2008,2.447
07/03/2008,2.673
08/03/2008,5.72
09/03/2008,3.33
10/03/2008,4.302
11/03/2008,3.491
12/03/2008,3.277
13/03/2008,3.474
14/03/2008,2.929
15/03/2008,2.635
16/03/2008,2.529
17/03/2008,1.678
18/03/2008,1.161
19/03/2008,1.084
20/03/2008,1.085
21/03/2008,1.016
22/03/2008,0.958
23/03/2008,0.96
24/03/2008,0.926
25/03/2008,0.878
26/03/2008,0.959
27/03/2008,1.047
28/03/2008,1.696
29/03/2008,1.38
30/03/2008,1.716
31/03/2008,1.302
01/04/2008,3.4
02/04/2008,1.67
03/04/2008,1.356
04/04/2008,1.294
05/04/2008,1.232
06/04/2008,1.288
07/04/2008,1.538
08/04/2008,1.435
09/04/2008,1.357
10/04/2008,1.294
11/04/2008,1.508
12/04/2008,2.569
13/04/2008,1.606
14/04/2008,1.384
15/04/2008,1.405
16/04/2008,1.309
17/04/2008,1.165
18/04/2008,1.291
19/04/2008,1.147
20/04/2008,1.061
21/04/2008,1.028
22/04/2008,0.944
23/04/2008,0.896
24/04/2008,0.853
25/04/2008,0.902
26/04/2008,1.088
27/04/2008,1.075
28/04/2008,1.097
29/04/2008,0.784
30/04/2008,1.415
01/05/2008,1.013
02/05/2008,0.743
03/05/2008,0.664
04/05/2008,0.638
05/05/2008,0.591
06/05/2008,0.56
07/05/2008,0.561
08/05/2008,0.606
09/05/2008,0.765
10/05/2008,1.099
11/05/2008,0.932
12/05/2008,0.857
13/05/2008,0.813
14/05/2008,0.787
15/05/2008,0.772
16/05/2008,0.781
17/05/2008,0.804
18/05/2008,0.742
19/05/2008,0.734
20/05/2008,0.726
21/05/2008,0.718
22/05/2008,0.707
23/05/2008,0.707
24/05/2008,0.702
25/05/2008,0.699
26/05/2008,0.703
27/05/2008,0.713
28/05/2008,0.929
29/05/2008,0.704
30/05/2008,0.559
31/05/2008,0.494
01/06/2008,0.925
02/06/2008,0.721
03/06/2008,0.62
04/06/2008,0.527
05/06/2008,0.515
06/06/2008,0.61
07/06/2008,0.684
08/06/2008,0.68
09/06/2008,0.711
10/06/2008,0.698
11/06/2008,1.237
12/06/2008,0.837
13/06/2008,0.78
14/06/2008,0.813
15/06/2008,0.764
16/06/2008,0.757
17/06/2008,0.84
18/06/2008,0.819
19/06/2008,0.831
20/06/2008,0.84
21/06/2008,1.295
22/06/2008,1.324
23/06/2008,1.189
24/06/2008,0.996
25/06/2008,0.94
26/06/2008,0.899
27/06/2008,0.772
28/06/2008,0.743
29/06/2008,0.683
30/06/2008,0.635
01/07/2008,0.643
02/07/2008,0.628
03/07/2008,0.684
04/07/2008,0.625
05/07/2008,1.085
06/07/2008,0.962
07/07/2008,0.864
08/07/2008,0.728
09/07/2008,1.781
10/07/2008,4.503
11/07/2008,1.24
12/07/2008,0.934
13/07/2008,0.809
14/07/2008,0.785
15/07/2008,0.795
16/07/2008,0.762
17/07/2008,0.908
18/07/2008,0.754
19/07/2008,0.861
20/07/2008,0.683
21/07/2008,0.634
22/07/2008,0.73
23/07/2008,0.793
24/07/2008,0.707
25/07/2008,0.672
26/07/2008,0.689
27/07/2008,0.69
28/07/2008,0.745
29/07/2008,0.917
30/07/2008,0.622
31/07/2008,0.929
01/08/2008,1.393
02/08/2008,1.037
03/08/2008,1.34
04/08/2008,1.004
05/08/2008,1.074
06/08/2008,11.51
07/08/2008,6.36
08/08/2008,2.711
09/08/2008,5.337
10/08/2008,5.278
11/08/2008,2.978
12/08/2008,4.161
13/08/2008,6.601
14/08/2008,3.54
15/08/2008,2.65
16/08/2008,2.287
17/08/2008,2.107
18/08/2008,2.157
19/08/2008,9.621
20/08/2008,6.795
21/08/2008,6.126
22/08/2008,3.955
23/08/2008,2.661
24/08/2008,2.238
25/08/2008,2.084
26/08/2008,1.589
27/08/2008,1.035
28/08/2008,1.094
29/08/2008,0.877
30/08/2008,0.709
31/08/2008,0.841
01/09/2008,0.831
02/09/2008,0.963
03/09/2008,1.075
04/09/2008,1.026
05/09/2008,3.518
06/09/2008,3.225
07/09/2008,3.585
08/09/2008,2.335
09/09/2008,2.184
10/09/2008,2.056
11/09/2008,1.836
12/09/2008,1.833
13/09/2008,1.849
14/09/2008,1.699
15/09/2008,2.672
16/09/2008,3.847
17/09/2008,2.247
18/09/2008,1.945
19/09/2008,1.756
20/09/2008,1.619
21/09/2008,1.573
22/09/2008,1.298
23/09/2008,1.164
24/09/2008,1.133
25/09/2008,1.099
26/09/2008,1.061
27/09/2008,1.067
28/09/2008,1.05
29/09/2008,1.104
30/09/2008,1.2
01/10/2008,1.557
02/10/2008,1.419
03/10/2008,1.187
04/10/2008,2.219
05/10/2008,1.413
06/10/2008,1.168
07/10/2008,1.713
08/10/2008,1.621
09/10/2008,1.413
10/10/2008,6.289
11/10/2008,2.248
12/10/2008,1.526
13/10/2008,1.336
14/10/2008,1.39
15/10/2008,1.48
16/10/2008,1.443
17/10/2008,1.443
18/10/2008,1.46
19/10/2008,2.17
20/10/2008,3.43
21/10/2008,3.323
22/10/2008,2.874
23/10/2008,2.981
24/10/2008,3.54
25/10/2008,11.79
26/10/2008,6.041
27/10/2008,4.901
28/10/2008,3.857
29/10/2008,2.958
30/10/2008,2.418
31/10/2008,2.257
01/11/2008,2.448
02/11/2008,2.13
03/11/2008,2.023
04/11/2008,1.81
05/11/2008,1.747
06/11/2008,1.451
07/11/2008,1.397
08/11/2008,1.776
09/11/2008,1.736
10/11/2008,1.498
11/11/2008,1.565
12/11/2008,1.409
13/11/2008,1.499
14/11/2008,1.73
15/11/2008,1.724
16/11/2008,1.543
17/11/2008,1.541
18/11/2008,1.67
19/11/2008,1.841
20/11/2008,1.814
21/11/2008,1.735
22/11/2008,1.713
23/11/2008,1.877
24/11/2008,2.186
25/11/2008,1.847
26/11/2008,1.846
27/11/2008,2.555
28/11/2008,2.445
29/11/2008,1.909
30/11/2008,1.749
01/12/2008,1.682
02/12/2008,1.771
03/12/2008,1.752
04/12/2008,1.893
05/12/2008,3.563
06/12/2008,2.458
07/12/2008,2.201
08/12/2008,2.237
09/12/2008,1.992
10/12/2008,1.913
11/12/2008,1.898
12/12/2008,2.285
13/12/2008,3.676
14/12/2008,3.012
15/12/2008,2.325
16/12/2008,2.547
17/12/2008,2.932
18/12/2008,3.588
19/12/2008,7.843
20/12/2008,3.173
21/12/2008,2.641
22/12/2008,2.285
23/12/2008,2.127
24/12/2008,2.092
25/12/2008,2.063
26/12/2008,2.009
27/12/2008,1.974
28/12/2008,1.939
29/12/2008,1.894
30/12/2008,1.848
31/12/2008,1.824
01/01/2009,1.929
02/01/2009,1.952
03/01/2009,1.859
04/01/2009,2.132
05/01/2009,2.03
06/01/2009,1.921
07/01/2009,1.897
08/01/2009,1.394
09/01/2009,0.892
10/01/2009,1.942
11/01/2009,4.224
12/01/2009,2.569
13/01/2009,1.329
14/01/2009,2.403
15/01/2009,2.006
16/01/2009,1.39
17/01/2009,3.066
18/01/2009,2.028
19/01/2009,2.285
20/01/2009,2.483
21/01/2009,1.661
22/01/2009,2.378
23/01/2009,1.629
24/01/2009,1.367
25/01/2009,1.295
26/01/2009,1.15
27/01/2009,1.214
28/01/2009,1.194
29/01/2009,0.952
30/01/2009,0.838
31/01/2009,0.777
01/02/2009,0.742
02/02/2009,1.187
03/02/2009,2.542
04/02/2009,1.528
05/02/2009,1.276
06/02/2009,1.164
07/02/2009,1.103
08/02/2009,1.059
09/02/2009,1.037
10/02/2009,0.938
11/02/2009,0.873
12/02/2009,0.851
13/02/2009,0.84
14/02/2009,1.985
15/02/2009,1.9
16/02/2009,1.198
17/02/2009,0.958
18/02/2009,0.874
19/02/2009,0.756
20/02/2009,0.737
21/02/2009,0.736
22/02/2009,0.714
23/02/2009,0.644
24/02/2009,0.618
25/02/2009,0.702
26/02/2009,0.681
27/02/2009,0.651
28/02/2009,0.613
01/03/2009,0.641
02/03/2009,0.65
03/03/2009,0.934
04/03/2009,1.212
05/03/2009,0.887
06/03/2009,0.771
07/03/2009,3.014
08/03/2009,4.987
09/03/2009,3.006
10/03/2009,2.089
11/03/2009,2.116
12/03/2009,2.412
13/03/2009,2.126
14/03/2009,1.999
15/03/2009,1.866
16/03/2009,1.842
17/03/2009,1.407
18/03/2009,1.058
19/03/2009,0.83
20/03/2009,0.839
21/03/2009,0.862
22/03/2009,0.952
23/03/2009,0.916
24/03/2009,0.83
25/03/2009,0.819
26/03/2009,1.059
27/03/2009,1.137
28/03/2009,0.84
29/03/2009,0.769
30/03/2009,0.781
31/03/2009,0.762
01/04/2009,0.698
02/04/2009,0.682
03/04/2009,0.724
04/04/2009,0.799
05/04/2009,0.717
06/04/2009,0.681
07/04/2009,0.712
08/04/2009,0.783
09/04/2009,0.81
10/04/2009,0.692
11/04/2009,0.644
12/04/2009,0.649
13/04/2009,0.632
14/04/2009,0.642
15/04/2009,0.639
16/04/2009,0.671
17/04/2009,0.609
18/04/2009,0.636
19/04/2009,0.635
20/04/2009,0.645
21/04/2009,0.664
22/04/2009,0.623
23/04/2009,0.637
24/04/2009,0.626
25/04/2009,0.598
26/04/2009,0.575
27/04/2009,0.79
28/04/2009,0.649
29/04/2009,0.608
30/04/2009,0.616
01/05/2009,0.643
02/05/2009,0.605
03/05/2009,0.627
04/05/2009,0.634
05/05/2009,0.698
06/05/2009,0.804
07/05/2009,0.966
08/05/2009,3.016
09/05/2009,1.89
10/05/2009,1.083
11/05/2009,0.791
12/05/2009,0.703
13/05/2009,0.626
14/05/2009,0.567
15/05/2009,0.917
16/05/2009,0.748
17/05/2009,0.68
18/05/2009,1.099
19/05/2009,0.978
20/05/2009,0.871
21/05/2009,0.843
22/05/2009,0.725
23/05/2009,0.679
24/05/2009,0.668
25/05/2009,0.778
26/05/2009,0.723
27/05/2009,0.652
28/05/2009,0.64
29/05/2009,0.581
30/05/2009,0.562
31/05/2009,0.552
01/06/2009,0.566
02/06/2009,0.548
03/06/2009,0.55
04/06/2009,0.566
05/06/2009,0.724
06/06/2009,0.605
07/06/2009,0.562
08/06/2009,0.534
09/06/2009,0.54
10/06/2009,0.566
11/06/2009,0.61
12/06/2009,0.583
13/06/2009,0.634
14/06/2009,1.45
15/06/2009,1.92
16/06/2009,0.967
17/06/2009,1.084
18/06/2009,0.776
19/06/2009,0.64
20/06/2009,0.598
21/06/2009,0.539
22/06/2009,0.578
23/06/2009,0.518
24/06/2009,0.5
25/06/2009,0.492
26/06/2009,0.493
27/06/2009,0.528
28/06/2009,0.564
29/06/2009,0.529
30/06/2009,0.534
01/07/2009,0.675
02/07/2009,0.524
03/07/2009,0.692
04/07/2009,0.511
05/07/2009,0.551
06/07/2009,0.735
07/07/2009,0.588
08/07/2009,0.528
09/07/2009,0.494
10/07/2009,0.473
11/07/2009,0.587
12/07/2009,0.526
13/07/2009,0.568
14/07/2009,0.577
15/07/2009,0.971
16/07/2009,1.779
17/07/2009,3.729
18/07/2009,2.986
19/07/2009,1.53
20/07/2009,1.159
21/07/2009,1.208
22/07/2009,4.183
23/07/2009,2.596
24/07/2009,3.927
25/07/2009,2.097
26/07/2009,2.155
27/07/2009,1.021
28/07/2009,1.858
29/07/2009,1.811
30/07/2009,1.261
31/07/2009,1.109
01/08/2009,1.05
02/08/2009,0.988
03/08/2009,1.009
04/08/2009,0.763
05/08/2009,0.607
06/08/2009,0.549
07/08/2009,0.606
08/08/2009,0.505
09/08/2009,0.77
10/08/2009,0.761
11/08/2009,0.623
12/08/2009,0.56
13/08/2009,0.506
14/08/2009,1.308
15/08/2009,3.95
16/08/2009,1.094
17/08/2009,2.726
18/08/2009,1.979
19/08/2009,1.943
20/08/2009,6.078
21/08/2009,3.632
22/08/2009,2.85
23/08/2009,3.112
24/08/2009,2.826
25/08/2009,2.089
26/08/2009,2.021
27/08/2009,1.876
28/08/2009,1.614
29/08/2009,1.204
30/08/2009,1.152
31/08/2009,1.768
01/09/2009,2.018
02/09/2009,3.463
03/09/2009,9.761
04/09/2009,8.536
05/09/2009,4.204
06/09/2009,3.298
07/09/2009,3.091
08/09/2009,3.668
09/09/2009,2.258
10/09/2009,1.819
11/09/2009,1.73
12/09/2009,1.665
13/09/2009,1.627
14/09/2009,1.525
15/09/2009,1.464
16/09/2009,1.375
17/09/2009,1.295
18/09/2009,1.257
19/09/2009,1.232
20/09/2009,1.218
21/09/2009,1.214
22/09/2009,1.096
23/09/2009,0.827
24/09/2009,0.768
25/09/2009,0.763
26/09/2009,0.741
27/09/2009,0.74
28/09/2009,0.729
29/09/2009,0.768
30/09/2009,0.706
01/10/2009,0.601
02/10/2009,0.726
03/10/2009,0.973
04/10/2009,0.69
05/10/2009,0.566
06/10/2009,0.581
07/10/2009,0.578
08/10/2009,0.546
09/10/2009,0.57
10/10/2009,0.577
11/10/2009,0.559
12/10/2009,0.447
13/10/2009,0.524
14/10/2009,0.462
15/10/2009,0.443
16/10/2009,0.473
17/10/2009,0.469
18/10/2009,0.5
19/10/2009,0.559
20/10/2009,0.505
21/10/2009,0.522
22/10/2009,0.506
23/10/2009,0.51
24/10/2009,0.577
25/10/2009,1.49
26/10/2009,1.101
27/10/2009,2.367
28/10/2009,1.923
29/10/2009,1.16
30/10/2009,1.107
31/10/2009,1.169
01/11/2009,12.23
02/11/2009,5.864
03/11/2009,5.647
04/11/2009,2.474
05/11/2009,1.916
06/11/2009,1.934
07/11/2009,1.795
08/11/2009,1.547
09/11/2009,1.485
10/11/2009,2.14
11/11/2009,1.745
12/11/2009,1.774
13/11/2009,3.381
14/11/2009,8.387
15/11/2009,2.502
16/11/2009,2.302
17/11/2009,3.028
18/11/2009,4.46
19/11/2009,14.42
20/11/2009,7.846
21/11/2009,5.559
22/11/2009,5.758
23/11/2009,4.343
24/11/2009,8.003
25/11/2009,8.874
26/11/2009,4.486
27/11/2009,3.344
28/11/2009,3.306
29/11/2009,4.922
30/11/2009,3.28
01/12/2009,2.952
02/12/2009,2.759
03/12/2009,3.079
04/12/2009,2.492
05/12/2009,2.463
06/12/2009,2.502
07/12/2009,2.574
08/12/2009,2.251
09/12/2009,2.303
10/12/2009,2.097
11/12/2009,1.897
12/12/2009,1.754
13/12/2009,1.618
14/12/2009,1.706
15/12/2009,2.281
16/12/2009,2.23
17/12/2009,2.462
18/12/2009,2.15
19/12/2009,1.856
20/12/2009,1.716
21/12/2009,1.21
22/12/2009,1.368
23/12/2009,1.576
24/12/2009,1.584
25/12/2009,1.551
26/12/2009,1.853
27/12/2009,2.468
28/12/2009,2.059
29/12/2009,1.918
30/12/2009,1.918
31/12/2009,1.838
01/01/2010,
02/01/2010,
03/01/2010,
04/01/2010,
05/01/2010,
06/01/2010,
07/01/2010,
08/01/2010,
09/01/2010,
10/01/2010,
11/01/2010,
12/01/2010,
13/01/2010,
14/01/2010,
15/01/2010,
16/01/2010,
17/01/2010,
18/01/2010,
19/01/2010,
20/01/2010,
21/01/2010,
22/01/2010,
23/01/2010,
24/01/2010,
25/01/2010,
26/01/2010,
27/01/2010,
28/01/2010,
29/01/2010,
30/01/2010,
31/01/2010,
01/02/2010,
02/02/2010,
03/02/2010,
04/02/2010,
05/02/2010,
06/02/2010,
07/02/2010,
08/02/2010,
09/02/2010,
10/02/2010,
11/02/2010,
12/02/2010,
13/02/2010,
14/02/2010,
15/02/2010,
16/02/2010,
17/02/2010,
18/02/2010,
19/02/2010,
20/02/2010,
21/02/2010,
22/02/2010,
23/02/2010,
24/02/2010,
25/02/2010,
26/02/2010,
27/02/2010,
28/02/2010,
01/03/2010,
02/03/2010,
03/03/2010,
04/03/2010,
05/03/2010,
06/03/2010,
07/03/2010,
08/03/2010,
09/03/2010,
10/03/2010,
11/03/2010,
12/03/2010,
13/03/2010,
14/03/2010,
15/03/2010,
16/03/2010,
17/03/2010,
18/03/2010,
19/03/2010,
20/03/2010,
21/03/2010,
22/03/2010,
23/03/2010,
24/03/2010,
25/03/2010,
26/03/2010,
27/03/2010,
28/03/2010,
29/03/2010,
30/03/2010,
31/03/2010,
01/04/2010,
02/04/2010,
03/04/2010,
04/04/2010,
05/04/2010,
06/04/2010,
07/04/2010,
08/04/2010,
09/04/2010,
10/04/2010,
11/04/2010,
12/04/2010,
13/04/2010,
14/04/2010,
15/04/2010,
16/04/2010,
17/04/2010,
18/04/2010,
19/04/2010,
20/04/2010,
21/04/2010,
22/04/2010,
23/04/2010,
24/04/2010,
25/04/2010,
26/04/2010,
27/04/2010,
28/04/2010,
29/04/2010,
30/04/2010,
01/05/2010,
02/05/2010,
03/05/2010,
04/05/2010,
05/05/2010,
06/05/2010,
07/05/2010,
08/05/2010,
09/05/2010,
10/05/2010,
11/05/2010,
12/05/2010,
13/05/2010,
14/05/2010,
15/05/2010,
16/05/2010,
17/05/2010,
18/05/2010,
19/05/2010,
20/05/2010,
21/05/2010,
22/05/2010,
23/05/2010,
24/05/2010,
25/05/2010,
26/05/2010,
27/05/2010,
28/05/2010,
29/05/2010,
30/05/2010,
31/05/2010,
01/06/2010,
02/06/2010,
03/06/2010,
04/06/2010,
05/06/2010,
06/06/2010,
07/06/2010,
08/06/2010,
09/06/2010,
10/06/2010,
11/06/2010,
12/06/2010,
13/06/2010,
14/06/2010,
15/06/2010,
16/06/2010,
17/06/2010,
18/06/2010,
19/06/2010,
20/06/2010,
21/06/2010,
22/06/2010,
23/06/2010,
24/06/2010,
25/06/2010,
26/06/2010,
27/06/2010,
28/06/2010,
29/06/2010,
30/06/2010,
01/07/2010,
02/07/2010,
03/07/2010,
04/07/2010,
05/07/2010,
06/07/2010,
07/07/2010,
08/07/2010,
09/07/2010,
10/07/2010,
11/07/2010,
12/07/2010,
13/07/2010,
14/07/2010,
15/07/2010,
16/07/2010,
17/07/2010,
18/07/2010,
19/07/2010,
20/07/2010,
21/07/2010,
22/07/2010,
23/07/2010,
24/07/2010,
25/07/2010,
26/07/2010,
27/07/2010,
28/07/2010,
29/07/2010,
30/07/2010,
31/07/2010,
01/08/2010,
02/08/2010,
03/08/2010,
04/08/2010,
05/08/2010,
06/08/2010,
07/08/2010,
08/08/2010,
09/08/2010,
10/08/2010,
11/08/2010,
12/08/2010,
13/08/2010,
14/08/2010,
15/08/2010,
16/08/2010,
17/08/2010,
18/08/2010,
19/08/2010,
20/08/2010,
21/08/2010,
22/08/2010,
23/08/2010,
24/08/2010,
25/08/2010,
26/08/2010,
27/08/2010,
28/08/2010,
29/08/2010,
30/08/2010,
31/08/2010,
01/09/2010,
02/09/2010,
03/09/2010,
04/09/2010,
05/09/2010,
06/09/2010,
07/09/2010,
08/09/2010,
09/09/2010,
10/09/2010,
11/09/2010,
12/09/2010,
13/09/2010,
14/09/2010,
15/09/2010,
16/09/2010,
17/09/2010,
18/09/2010,
19/09/2010,
20/09/2010,
21/09/2010,
22/09/2010,
23/09/2010,
24/09/2010,
25/09/2010,
26/09/2010,
27/09/2010,
28/09/2010,
29/09/2010,
30/09/2010,
01/10/2010,
02/10/2010,
03/10/2010,
04/10/2010,
05/10/2010,
06/10/2010,
07/10/2010,
08/10/2010,
09/10/2010,
10/10/2010,
11/10/2010,
12/10/2010,
13/10/2010,
14/10/2010,
15/10/2010,
16/10/2010,
17/10/2010,
18/10/2010,
19/10/2010,
20/10/2010,
21/10/2010,
22/10/2010,
23/10/2010,
24/10/2010,
25/10/2010,
26/10/2010,
27/10/2010,
28/10/2010,
29/10/2010,
30/10/2010,
31/10/2010,
01/11/2010,
02/11/2010,
03/11/2010,
04/11/2010,
05/11/2010,
06/11/2010,
07/11/2010,
08/11/2010,
09/11/2010,
10/11/2010,
11/11/2010,
12/11/2010,
13/11/2010,
14/11/2010,
15/11/2010,
16/11/2010,
17/11/2010,
18/11/2010,
19/11/2010,
20/11/2010,
21/11/2010,
22/11/2010,
23/11/2010,
24/11/2010,
25/11/2010,
26/11/2010,
27/11/2010,
28/11/2010,
29/11/2010,
30/11/2010,
01/12/2010,
02/12/2010,
03/12/2010,
04/12/2010,
05/12/2010,
06/12/2010,
07/12/2010,
08/12/2010,
09/12/2010,
10/12/2010,
11/12/2010,
12/12/2010,
13/12/2010,
14/12/2010,
15/12/2010,
16/12/2010,
17/12/2010,
18/12/2010,
19/12/2010,
20/12/2010,
21/12/2010,
22/12/2010,
23/12/2010,
24/12/2010,
25/12/2010,
26/12/2010,
27/12/2010,
28/12/2010,
29/12/2010,
30/12/2010,
31/12/2010,
01/01/2011,3.056
02/01/2011,2.222
03/01/2011,1.953
04/01/2011,2.265
05/01/2011,2.498
06/01/2011,2.215
07/01/2011,2.131
08/01/2011,2.047
09/01/2011,1.938
10/01/2011,3.543
11/01/2011,4.051
12/01/2011,6.743
13/01/2011,7.072
14/01/2011,5.803
15/01/2011,10.25
16/01/2011,8.847
17/01/2011,5.324
18/01/2011,4.429
19/01/2011,3.942
20/01/2011,2.453
21/01/2011,1.351
22/01/2011,1.296
23/01/2011,1.208
24/01/2011,1.203
25/01/2011,1.166
26/01/2011,1.104
27/01/2011,1.076
28/01/2011,1.035
29/01/2011,0.986
30/01/2011,0.964
31/01/2011,1.023
01/02/2011,1.521
02/02/2011,3.161
03/02/2011,8.308
04/02/2011,11.15
05/02/2011,7.563
06/02/2011,5.537
07/02/2011,14.71
08/02/2011,8.479
09/02/2011,7.281
10/02/2011,6.175
11/02/2011,4.55
12/02/2011,4.306
13/02/2011,3.242
14/02/2011,2.805
15/02/2011,2.537
16/02/2011,2.584
17/02/2011,2.464
18/02/2011,2.68
19/02/2011,2.947
20/02/2011,2.451
21/02/2011,2.151
22/02/2011,1.976
23/02/2011,1.837
24/02/2011,1.697
25/02/2011,1.662
26/02/2011,1.602
27/02/2011,1.519
28/02/2011,1.469
01/03/2011,1.231
02/03/2011,1.148
03/03/2011,1.115
04/03/2011,1.111
05/03/2011,1.075
06/03/2011,1.061
07/03/2011,1.053
08/03/2011,1.096
09/03/2011,1.451
10/03/2011,2.141
11/03/2011,1.99
12/03/2011,3.531
13/03/2011,4.58
14/03/2011,9.187
15/03/2011,6.131
16/03/2011,3.911
17/03/2011,3.243
18/03/2011,2.671
19/03/2011,2.222
20/03/2011,2.024
21/03/2011,1.874
22/03/2011,1.704
23/03/2011,1.214
24/03/2011,0.962
25/03/2011,0.954
26/03/2011,0.929
27/03/2011,0.902
28/03/2011,0.862
29/03/2011,0.874
30/03/2011,0.922
31/03/2011,1.402
01/04/2011,1.325
02/04/2011,1.18
03/04/2011,1.066
04/04/2011,1.228
05/04/2011,2.386
06/04/2011,3.938
07/04/2011,2.086
08/04/2011,1.736
09/04/2011,1.617
10/04/2011,1.553
11/04/2011,1.521
12/04/2011,1.117
13/04/2011,0.662
14/04/2011,0.628
15/04/2011,0.628
16/04/2011,0.627
17/04/2011,0.613
18/04/2011,0.591
19/04/2011,0.589
20/04/2011,0.579
21/04/2011,0.569
22/04/2011,0.596
23/04/2011,0.823
24/04/2011,0.645
25/04/2011,0.589
26/04/2011,0.547
27/04/2011,0.546
28/04/2011,0.459
29/04/2011,0.423
30/04/2011,0.435
01/05/2011,0.416
02/05/2011,0.415
03/05/2011,0.416
04/05/2011,0.41
05/05/2011,0.489
06/05/2011,0.777
07/05/2011,0.75
08/05/2011,0.593
09/05/2011,0.491
10/05/2011,0.472
11/05/2011,0.481
12/05/2011,0.502
13/05/2011,0.442
14/05/2011,0.414
15/05/2011,0.397
16/05/2011,0.408
17/05/2011,0.399
18/05/2011,0.405
19/05/2011,0.401
20/05/2011,0.385
21/05/2011,0.405
22/05/2011,0.468
23/05/2011,0.93
24/05/2011,0.727
25/05/2011,0.654
26/05/2011,0.611
27/05/2011,0.567
28/05/2011,0.597
29/05/2011,0.608
30/05/2011,0.545
31/05/2011,0.503
01/06/2011,0.504
02/06/2011,0.494
03/06/2011,0.472
04/06/2011,0.451
05/06/2011,0.499
06/06/2011,0.489
07/06/2011,0.547
08/06/2011,0.515
09/06/2011,0.479
10/06/2011,0.611
11/06/2011,0.688
12/06/2011,0.711
13/06/2011,0.539
14/06/2011,0.455
15/06/2011,0.424
16/06/2011,0.429
17/06/2011,0.435
18/06/2011,0.648
19/06/2011,0.54
20/06/2011,0.504
21/06/2011,4.235
22/06/2011,2.612
23/06/2011,1.732
24/06/2011,0.854
25/06/2011,0.674
26/06/2011,0.626
27/06/2011,0.597
28/06/2011,0.537
29/06/2011,0.494
30/06/2011,0.474
01/07/2011,0.459
02/07/2011,0.479
03/07/2011,0.462
04/07/2011,0.447
05/07/2011,0.493
06/07/2011,0.497
07/07/2011,0.447
08/07/2011,2.988
09/07/2011,2.256
10/07/2011,1.493
11/07/2011,1.246
12/07/2011,0.845
13/07/2011,0.833
14/07/2011,0.667
15/07/2011,0.722
16/07/2011,9.195
17/07/2011,4.693
18/07/2011,1.605
19/07/2011,2.798
20/07/2011,3.868
21/07/2011,1.884
22/07/2011,1.6
23/07/2011,1.316
24/07/2011,1.149
25/07/2011,1.024
26/07/2011,0.862
27/07/2011,0.778
28/07/2011,1.06
29/07/2011,0.94
30/07/2011,0.923
31/07/2011,0.911
01/08/2011,1.09
02/08/2011,1.157
03/08/2011,0.748
04/08/2011,0.78
05/08/2011,0.621
06/08/2011,2.608
07/08/2011,7.26
08/08/2011,2.351
09/08/2011,1.774
10/08/2011,11.25
11/08/2011,17.73
12/08/2011,7.943
13/08/2011,6.018
14/08/2011,4.545
15/08/2011,3.387
16/08/2011,2.969
17/08/2011,2.108
18/08/2011,2.312
19/08/2011,2.195
20/08/2011,2.033
21/08/2011,1.934
22/08/2011,1.862
23/08/2011,1.503
24/08/2011,1.163
25/08/2011,0.868
26/08/2011,0.793
27/08/2011,0.937
28/08/2011,0.989
29/08/2011,0.876
30/08/2011,0.704
31/08/2011,0.663
01/09/2011,0.643
02/09/2011,0.656
03/09/2011,0.627
04/09/2011,0.602
05/09/2011,0.582
06/09/2011,0.631
07/09/2011,0.657
08/09/2011,0.714
09/09/2011,0.869
10/09/2011,0.998
11/09/2011,0.894
12/09/2011,1.645
13/09/2011,1.666
14/09/2011,1.231
15/09/2011,1.121
16/09/2011,1.278
17/09/2011,1.85
18/09/2011,3.304
19/09/2011,2.102
20/09/2011,1.793
21/09/2011,2.649
22/09/2011,1.884
23/09/2011,1.901
24/09/2011,1.926
25/09/2011,1.967
26/09/2011,1.902
27/09/2011,1.592
28/09/2011,1.148
29/09/2011,1.071
30/09/2011,1.058
01/10/2011,1.327
02/10/2011,4.008
03/10/2011,1.385
04/10/2011,0.872
05/10/2011,1.143
06/10/2011,2.674
07/10/2011,1.432
08/10/2011,1.663
09/10/2011,1.878
10/10/2011,2.352
11/10/2011,1.658
12/10/2011,1.83
13/10/2011,1.959
14/10/2011,1.907
15/10/2011,1.816
16/10/2011,1.756
17/10/2011,11.19
18/10/2011,5.067
19/10/2011,2.872
20/10/2011,2.561
21/10/2011,2.665
22/10/2011,2.453
23/10/2011,2.337
24/10/2011,1.708
25/10/2011,1.475
26/10/2011,1.549
27/10/2011,1.319
28/10/2011,1.174
29/10/2011,1.223
30/10/2011,1.19
31/10/2011,1.403
01/11/2011,1.666
02/11/2011,1.322
03/11/2011,1.247
04/11/2011,1.108
05/11/2011,1.044
06/11/2011,1.012
07/11/2011,0.986
08/11/2011,1.045
09/11/2011,1.003
10/11/2011,1.057
11/11/2011,1.004
12/11/2011,0.999
13/11/2011,0.896
14/11/2011,0.765
15/11/2011,0.694
16/11/2011,0.722
17/11/2011,0.726
18/11/2011,0.664
19/11/2011,0.606
20/11/2011,0.591
21/11/2011,0.614
22/11/2011,0.644
23/11/2011,0.607
24/11/2011,0.926
25/11/2011,2.323
26/11/2011,2.633
27/11/2011,2.859
28/11/2011,2.754
29/11/2011,7.51
30/11/2011,6.025
01/12/2011,6.016
02/12/2011,4.401
03/12/2011,4.225
04/12/2011,4.045
05/12/2011,2.453
06/12/2011,2.653
07/12/2011,3.873
08/12/2011,7.342
09/12/2011,3.141
10/12/2011,2.79
11/12/2011,2.875
12/12/2011,2.994
13/12/2011,5.631
14/12/2011,6.513
15/12/2011,3.627
16/12/2011,3.082
17/12/2011,2.845
18/12/2011,2.667
19/12/2011,3.535
20/12/2011,2.81
21/12/2011,2.999
22/12/2011,2.843
23/12/2011,3.154
24/12/2011,2.954
25/12/2011,2.944
26/12/2011,3.101
27/12/2011,3.041
28/12/2011,4.985
29/12/2011,3.054
30/12/2011,3.26
31/12/2011,3.138
01/01/2012,3.11
02/01/2012,3.281
03/01/2012,4.678
04/01/2012,8.039
05/01/2012,4.436
06/01/2012,3
07/01/2012,2.656
08/01/2012,2.446
09/01/2012,2.33
10/01/2012,2.242
11/01/2012,2.145
12/01/2012,2.131
13/01/2012,1.747
14/01/2012,1.518
15/01/2012,1.469
16/01/2012,1.298
17/01/2012,1.196
18/01/2012,1.085
19/01/2012,1.418
20/01/2012,1.396
21/01/2012,1.49
22/01/2012,1.892
23/01/2012,1.211
24/01/2012,1.27
25/01/2012,1.614
26/01/2012,1.805
27/01/2012,1.417
28/01/2012,1.362
29/01/2012,1.309
30/01/2012,1.446
31/01/2012,1.595
01/02/2012,1.454
02/02/2012,1.346
03/02/2012,1.194
04/02/2012,1.608
05/02/2012,1.477
06/02/2012,1.136
07/02/2012,0.834
08/02/2012,0.831
09/02/2012,1.006
10/02/2012,0.996
11/02/2012,0.923
12/02/2012,0.858
13/02/2012,0.795
14/02/2012,0.745
15/02/2012,0.713
16/02/2012,0.711
17/02/2012,0.748
18/02/2012,1.118
19/02/2012,0.873
20/02/2012,0.818
21/02/2012,0.825
22/02/2012,1.087
23/02/2012,1.003
24/02/2012,0.87
25/02/2012,0.789
26/02/2012,0.774
27/02/2012,0.759
28/02/2012,0.826
29/02/2012,0.916
01/03/2012,0.968
02/03/2012,1.047
03/03/2012,1.08
04/03/2012,1.117
05/03/2012,1.047
06/03/2012,0.892
07/03/2012,0.95
08/03/2012,0.984
09/03/2012,1.003
10/03/2012,0.947
11/03/2012,0.919
12/03/2012,0.868
13/03/2012,0.844
14/03/2012,0.835
15/03/2012,0.83
16/03/2012,1.065
17/03/2012,1.055
18/03/2012,0.9
19/03/2012,0.869
20/03/2012,0.871
21/03/2012,0.838
22/03/2012,0.839
23/03/2012,0.761
24/03/2012,0.517
25/03/2012,0.507
26/03/2012,0.48
27/03/2012,0.46
28/03/2012,0.432
29/03/2012,0.406
30/03/2012,0.306
31/03/2012,0.313
01/04/2012,0.311
02/04/2012,0.634
03/04/2012,1.143
04/04/2012,0.898
05/04/2012,1.179
06/04/2012,1.358
07/04/2012,1.044
08/04/2012,0.668
09/04/2012,1.008
10/04/2012,6.222
11/04/2012,2.863
12/04/2012,3.231
13/04/2012,2.592
14/04/2012,2.256
15/04/2012,2.144
16/04/2012,2.119
17/04/2012,1.835
18/04/2012,1.251
19/04/2012,1.814
20/04/2012,1.656
21/04/2012,2.021
22/04/2012,1.795
23/04/2012,1.168
24/04/2012,1.248
25/04/2012,2.579
26/04/2012,4.974
27/04/2012,2.59
28/04/2012,2.08
29/04/2012,2.142
30/04/2012,3.628
01/05/2012,2.392
02/05/2012,2.112
03/05/2012,1.77
04/05/2012,1.516
05/05/2012,1.451
06/05/2012,1.417
07/05/2012,1.426
08/05/2012,1.402
09/05/2012,1.411
10/05/2012,6.847
11/05/2012,5.708
12/05/2012,2.65
13/05/2012,2.887
14/05/2012,3.003
15/05/2012,2.366
16/05/2012,1.936
17/05/2012,2.552
18/05/2012,4.648
19/05/2012,2.239
20/05/2012,1.61
21/05/2012,1.357
22/05/2012,1.484
23/05/2012,1.603
24/05/2012,1.411
25/05/2012,1.32
26/05/2012,1.272
27/05/2012,1.245
28/05/2012,1.211
29/05/2012,0.897
30/05/2012,0.865
31/05/2012,1.383
01/06/2012,0.925
02/06/2012,0.787
03/06/2012,0.767
04/06/2012,0.735
05/06/2012,0.634
06/06/2012,0.688
07/06/2012,0.723
08/06/2012,1.539
09/06/2012,1.8
10/06/2012,1.142
11/06/2012,1.093
12/06/2012,0.995
13/06/2012,1.047
14/06/2012,0.99
15/06/2012,1.832
16/06/2012,12.89
17/06/2012,7.343
18/06/2012,4.666
19/06/2012,2.883
20/06/2012,2.633
21/06/2012,4.701
22/06/2012,9.84
23/06/2012,6.549
24/06/2012,4.855
25/06/2012,3.554
26/06/2012,3.441
27/06/2012,5.836
28/06/2012,5.837
29/06/2012,5.682
30/06/2012,4.106
01/07/2012,3.539
02/07/2012,4.257
03/07/2012,2.629
04/07/2012,9.641
05/07/2012,4.526
06/07/2012,11.26
07/07/2012,18.05
08/07/2012,9.597
09/07/2012,10.45
10/07/2012,5.952
11/07/2012,7.555
12/07/2012,4.002
13/07/2012,3.244
14/07/2012,2.93
15/07/2012,2.76
16/07/2012,2.651
17/07/2012,3.153
18/07/2012,11.17
19/07/2012,3.589
20/07/2012,2.548
21/07/2012,2.337
22/07/2012,2.266
23/07/2012,4.654
24/07/2012,2.566
25/07/2012,1.71
26/07/2012,1.843
27/07/2012,1.92
28/07/2012,1.923
29/07/2012,1.936
30/07/2012,2.198
31/07/2012,1.588
01/08/2012,1.495
02/08/2012,1.016
03/08/2012,0.821
04/08/2012,0.759
05/08/2012,2.048
06/08/2012,3.226
07/08/2012,1.88
08/08/2012,1.649
09/08/2012,1.521
10/08/2012,1.057
11/08/2012,0.762
12/08/2012,0.728
13/08/2012,0.699
14/08/2012,0.69
15/08/2012,0.776
16/08/2012,0.722
17/08/2012,0.844
18/08/2012,0.681
19/08/2012,0.705
20/08/2012,0.672
21/08/2012,1.303
22/08/2012,0.996
23/08/2012,0.915
24/08/2012,0.917
25/08/2012,1.036
26/08/2012,0.987
27/08/2012,1.021
28/08/2012,1.035
29/08/2012,4.726
30/08/2012,2.265
31/08/2012,1.63
01/09/2012,1.438
02/09/2012,1.312
03/09/2012,1.238
04/09/2012,1.193
05/09/2012,1.156
06/09/2012,1.146
07/09/2012,1.138
08/09/2012,1.127
09/09/2012,1.153
10/09/2012,1.407
11/09/2012,1.203
12/09/2012,0.924
13/09/2012,0.929
14/09/2012,0.902
15/09/2012,0.855
16/09/2012,0.848
17/09/2012,0.881
18/09/2012,0.772
19/09/2012,0.588
20/09/2012,2.559
21/09/2012,1.471
22/09/2012,0.958
23/09/2012,0.835
24/09/2012,4.789
25/09/2012,9.911
26/09/2012,9.78
27/09/2012,6.137
28/09/2012,4.593
29/09/2012,3.363
30/09/2012,5.599
01/10/2012,3.082
02/10/2012,2.792
03/10/2012,2.477
04/10/2012,2.123
05/10/2012,2.02
06/10/2012,1.934
07/10/2012,1.881
08/10/2012,1.186
09/10/2012,0.796
10/10/2012,0.777
11/10/2012,6.693
12/10/2012,7.662
13/10/2012,3.624
14/10/2012,3.741
15/10/2012,3.039
16/10/2012,9.284
17/10/2012,10.87
18/10/2012,9.228
19/10/2012,6.823
20/10/2012,4.637
21/10/2012,3.075
22/10/2012,2.554
23/10/2012,2.966
24/10/2012,2.887
25/10/2012,2.274
26/10/2012,1.937
27/10/2012,1.877
28/10/2012,1.982
29/10/2012,1.875
30/10/2012,1.702
31/10/2012,4.743
01/11/2012,2.212
02/11/2012,2.768
03/11/2012,1.921
04/11/2012,1.672
05/11/2012,1.553
06/11/2012,2.145
07/11/2012,2.406
08/11/2012,1.972
09/11/2012,1.825
10/11/2012,1.633
11/11/2012,1.513
12/11/2012,1.492
13/11/2012,2.005
14/11/2012,4.394
15/11/2012,2.593
16/11/2012,2.355
17/11/2012,2.36
18/11/2012,2.623
19/11/2012,4.839
20/11/2012,2.214
21/11/2012,1.923
22/11/2012,8.262
23/11/2012,4.729
24/11/2012,4.003
25/11/2012,8.569
26/11/2012,3.857
27/11/2012,3.062
28/11/2012,2.733
29/11/2012,2.054
30/11/2012,1.985
01/12/2012,1.898
02/12/2012,1.655
03/12/2012,1.742
04/12/2012,1.616
05/12/2012,1.366
06/12/2012,2.863
07/12/2012,2.35
08/12/2012,2.747
09/12/2012,2.195
10/12/2012,1.609
11/12/2012,1.642
12/12/2012,1.714
13/12/2012,1.628
14/12/2012,3.559
15/12/2012,3.735
16/12/2012,2.693
17/12/2012,2.473
18/12/2012,2.381
19/12/2012,2.33
20/12/2012,3.239
21/12/2012,3.768
22/12/2012,6.921
23/12/2012,7.525
24/12/2012,3.683
25/12/2012,2.744
26/12/2012,7.287
27/12/2012,7.17
28/12/2012,6.417
29/12/2012,4.854
30/12/2012,6.631
31/12/2012,6.466
01/01/2013,4.585
02/01/2013,4.793
03/01/2013,2.961
04/01/2013,2.116
05/01/2013,1.964
06/01/2013,1.903
07/01/2013,2.144
08/01/2013,2.118
09/01/2013,1.955
10/01/2013,1.64
11/01/2013,1.513
12/01/2013,1.426
13/01/2013,1.412
14/01/2013,1.399
15/01/2013,1.403
16/01/2013,1.277
17/01/2013,1.205
18/01/2013,1.035
19/01/2013,1.15
20/01/2013,1.11
21/01/2013,1.169
22/01/2013,0.932
23/01/2013,0.796
24/01/2013,0.789
25/01/2013,1.239
26/01/2013,5.251
27/01/2013,4.395
28/01/2013,5.148
29/01/2013,5.071
30/01/2013,5.495
31/01/2013,9.511
01/02/2013,6.13
02/02/2013,4.22
03/02/2013,3.981
04/02/2013,5.341
05/02/2013,4.748
06/02/2013,3.587
07/02/2013,3.036
08/02/2013,2.516
09/02/2013,2.428
10/02/2013,2.385
11/02/2013,2.23
12/02/2013,1.88
13/02/2013,3.944
14/02/2013,2.547
15/02/2013,1.784
16/02/2013,1.599
17/02/2013,1.528
18/02/2013,1.396
19/02/2013,1.284
20/02/2013,1.23
21/02/2013,1.119
22/02/2013,1.036
23/02/2013,1.03
24/02/2013,1.263
25/02/2013,1.275
26/02/2013,1.131
27/02/2013,1.001
28/02/2013,0.918
01/03/2013,0.749
02/03/2013,0.644
03/03/2013,0.609
04/03/2013,0.582
05/03/2013,0.513
06/03/2013,0.688
07/03/2013,0.893
08/03/2013,0.858
09/03/2013,1.065
10/03/2013,1.005
11/03/2013,0.902
12/03/2013,0.955
13/03/2013,0.903
14/03/2013,1.604
15/03/2013,2.264
16/03/2013,2.574
17/03/2013,3.44
18/03/2013,3.819
19/03/2013,3.337
20/03/2013,2.839
21/03/2013,2.244
22/03/2013,1.832
23/03/2013,1.57
24/03/2013,1.438
25/03/2013,1.365
26/03/2013,1.345
27/03/2013,1.134
28/03/2013,0.965
29/03/2013,0.99
30/03/2013,0.972
31/03/2013,0.91
01/04/2013,0.97
02/04/2013,1.045
03/04/2013,1.346
04/04/2013,1.813
05/04/2013,1.506
06/04/2013,1.123
07/04/2013,0.967
08/04/2013,1.083
09/04/2013,1.166
10/04/2013,1.284
11/04/2013,1.281
12/04/2013,1.297
13/04/2013,1.305
14/04/2013,1.659
15/04/2013,1.789
16/04/2013,1.959
17/04/2013,4.166
18/04/2013,3.571
19/04/2013,2.186
20/04/2013,1.908
21/04/2013,1.86
22/04/2013,1.822
23/04/2013,1.563
24/04/2013,1.069
25/04/2013,1.026
26/04/2013,1.081
27/04/2013,0.662
28/04/2013,0.647
29/04/2013,0.589
30/04/2013,0.519
01/05/2013,0.48
02/05/2013,0.463
03/05/2013,1.032
04/05/2013,0.867
05/05/2013,0.581
06/05/2013,0.514
07/05/2013,0.716
08/05/2013,0.792
09/05/2013,0.763
10/05/2013,0.723
11/05/2013,0.708
12/05/2013,0.752
13/05/2013,1.004
14/05/2013,0.986
15/05/2013,1.002
16/05/2013,0.969
17/05/2013,1.011
18/05/2013,5.215
19/05/2013,2.12
20/05/2013,1.563
21/05/2013,1.373
22/05/2013,1.227
23/05/2013,1.118
24/05/2013,1.026
25/05/2013,0.978
26/05/2013,0.966
27/05/2013,0.88
28/05/2013,0.793
29/05/2013,0.697
30/05/2013,0.472
31/05/2013,0.453
01/06/2013,0.447
02/06/2013,0.442
03/06/2013,0.439
04/06/2013,0.434
05/06/2013,0.436
06/06/2013,0.448
07/06/2013,0.43
08/06/2013,0.424
09/06/2013,0.444
10/06/2013,0.418
11/06/2013,0.455
12/06/2013,0.447
13/06/2013,0.41
14/06/2013,0.455
15/06/2013,0.448
16/06/2013,0.414
17/06/2013,0.427
18/06/2013,0.457
19/06/2013,0.438
20/06/2013,0.433
21/06/2013,0.428
22/06/2013,0.542
23/06/2013,0.519
24/06/2013,0.45
25/06/2013,0.435
26/06/2013,0.427
27/06/2013,0.391
28/06/2013,0.389
29/06/2013,0.331
30/06/2013,0.388
01/07/2013,0.429
02/07/2013,0.453
03/07/2013,0.436
04/07/2013,0.461
05/07/2013,0.432
06/07/2013,0.435
07/07/2013,0.437
08/07/2013,0.429
09/07/2013,0.409
10/07/2013,0.408
11/07/2013,0.41
12/07/2013,0.425
13/07/2013,0.408
14/07/2013,0.406
15/07/2013,0.431
16/07/2013,0.585
17/07/2013,0.562
18/07/2013,0.469
19/07/2013,0.452
20/07/2013,0.448
21/07/2013,0.446
22/07/2013,0.457
23/07/2013,1.541
24/07/2013,0.594
25/07/2013,0.825
26/07/2013,0.466
27/07/2013,0.945
28/07/2013,1.497
29/07/2013,1.355
30/07/2013,0.711
31/07/2013,0.672
01/08/2013,0.624
02/08/2013,0.543
03/08/2013,0.467
04/08/2013,0.443
05/08/2013,0.437
06/08/2013,0.42
07/08/2013,0.424
08/08/2013,0.45
09/08/2013,0.421
10/08/2013,0.407
11/08/2013,0.416
12/08/2013,0.412
13/08/2013,0.402
14/08/2013,0.439
15/08/2013,0.497
16/08/2013,0.43
17/08/2013,0.427
18/08/2013,0.42
19/08/2013,0.402
20/08/2013,0.425
21/08/2013,0.35
22/08/2013,0.334
23/08/2013,0.33
24/08/2013,0.346
25/08/2013,0.339
26/08/2013,0.334
27/08/2013,0.33
28/08/2013,0.328
29/08/2013,0.333
30/08/2013,0.327
31/08/2013,0.323
01/09/2013,0.328
02/09/2013,0.337
03/09/2013,0.35
04/09/2013,0.358
05/09/2013,0.35
06/09/2013,1.517
07/09/2013,0.838
08/09/2013,0.49
09/09/2013,0.417
10/09/2013,0.382
11/09/2013,0.43
12/09/2013,0.399
13/09/2013,0.438
14/09/2013,0.382
15/09/2013,0.884
16/09/2013,0.581
17/09/2013,0.459
18/09/2013,0.425
19/09/2013,0.667
20/09/2013,0.56
21/09/2013,0.459
22/09/2013,0.421
23/09/2013,0.406
24/09/2013,0.406
25/09/2013,0.459
26/09/2013,0.422
27/09/2013,0.404
28/09/2013,0.391
29/09/2013,0.378
30/09/2013,0.374
01/10/2013,0.383
02/10/2013,0.408
03/10/2013,0.506
04/10/2013,0.504
05/10/2013,0.402
06/10/2013,0.391
07/10/2013,0.402
08/10/2013,0.413
09/10/2013,0.423
10/10/2013,0.39
11/10/2013,0.381
12/10/2013,0.382
13/10/2013,0.45
14/10/2013,0.485
15/10/2013,0.496
16/10/2013,2.104
17/10/2013,2.481
18/10/2013,2.07
19/10/2013,2.605
20/10/2013,1.398
21/10/2013,2.837
22/10/2013,4.152
23/10/2013,2.965
24/10/2013,2.367
25/10/2013,2.433
26/10/2013,2.362
27/10/2013,3.885
28/10/2013,3.173
29/10/2013,2.434
30/10/2013,1.957
31/10/2013,2.437
01/11/2013,1.97
02/11/2013,2.812
03/11/2013,2.442
04/11/2013,2.011
05/11/2013,1.758
06/11/2013,1.682
07/11/2013,1.882
08/11/2013,1.865
09/11/2013,1.595
10/11/2013,1.423
11/11/2013,1.381
12/11/2013,1.159
13/11/2013,1.033
14/11/2013,0.962
15/11/2013,0.911
16/11/2013,0.895
17/11/2013,0.907
18/11/2013,0.904
19/11/2013,0.98
20/11/2013,1.598
21/11/2013,1.027
22/11/2013,0.867
23/11/2013,0.816
24/11/2013,0.783
25/11/2013,0.754
26/11/2013,0.847
27/11/2013,0.832
28/11/2013,0.766
29/11/2013,0.949
30/11/2013,0.801
01/12/2013,0.712
02/12/2013,0.677
03/12/2013,0.721
04/12/2013,1.178
05/12/2013,5.508
06/12/2013,2.425
07/12/2013,2.531
08/12/2013,3.023
09/12/2013,3.262
10/12/2013,2.464
11/12/2013,2.29
12/12/2013,2.685
13/12/2013,2.356
14/12/2013,4.787
15/12/2013,5.215
16/12/2013,4.079
17/12/2013,3.112
18/12/2013,3.301
19/12/2013,3.607
20/12/2013,7.439
21/12/2013,5.991
22/12/2013,4.574
23/12/2013,7.307
24/12/2013,5.417
25/12/2013,3.915
26/12/2013,3.524
27/12/2013,10.51
28/12/2013,6.593
29/12/2013,4.848
30/12/2013,14.95
31/12/2013,7.481
01/01/2014,6.291
02/01/2014,4.906
03/01/2014,6.55
04/01/2014,4.57
05/01/2014,4.133
06/01/2014,5.762
07/01/2014,3.544
08/01/2014,2.727
09/01/2014,2.426
10/01/2014,2.405
11/01/2014,2.236
12/01/2014,2.103
13/01/2014,1.852
14/01/2014,1.842
15/01/2014,2.035
16/01/2014,2.286
17/01/2014,2.201
18/01/2014,2.191
19/01/2014,2.533
20/01/2014,2.004
21/01/2014,1.879
22/01/2014,1.827
23/01/2014,1.849
24/01/2014,1.91
25/01/2014,4.903
26/01/2014,4.15
27/01/2014,2.924
28/01/2014,2.752
29/01/2014,2.847
30/01/2014,2.526
31/01/2014,2.379
01/02/2014,4.576
02/02/2014,3.57
03/02/2014,2.635
04/02/2014,2.133
05/02/2014,2.52
06/02/2014,2.091
07/02/2014,1.806
08/02/2014,3.376
09/02/2014,2.84
10/02/2014,2.077
11/02/2014,1.972
12/02/2014,3.194
13/02/2014,4.111
14/02/2014,4.094
15/02/2014,5.062
16/02/2014,2.997
17/02/2014,2.614
18/02/2014,2.829
19/02/2014,2.969
20/02/2014,3.305
21/02/2014,2.947
22/02/2014,2.628
23/02/2014,4.293
24/02/2014,5.667
25/02/2014,3.411
26/02/2014,3.645
27/02/2014,3.186
28/02/2014,2.834
01/03/2014,3.212
02/03/2014,3.467
03/03/2014,2.659
04/03/2014,1.939
05/03/2014,1.775
06/03/2014,2.386
07/03/2014,4.192
08/03/2014,2.513
09/03/2014,2.894
10/03/2014,2.86
11/03/2014,2.445
12/03/2014,2.329
13/03/2014,1.914
14/03/2014,1.668
15/03/2014,1.6
16/03/2014,1.546
17/03/2014,1.505
18/03/2014,1.148
19/03/2014,0.943
20/03/2014,4.685
21/03/2014,2.761
22/03/2014,2.023
23/03/2014,1.337
24/03/2014,1.113
25/03/2014,1.108
26/03/2014,1.322
27/03/2014,1.363
28/03/2014,1.592
29/03/2014,1.615
30/03/2014,1.468
31/03/2014,1.4
01/04/2014,4.408
02/04/2014,2.183
03/04/2014,2.218
04/04/2014,3.722
05/04/2014,2.17
06/04/2014,1.772
07/04/2014,2.319
08/04/2014,1.787
09/04/2014,1.632
10/04/2014,1.414
11/04/2014,1.255
12/04/2014,1.214
13/04/2014,1.16
14/04/2014,1.097
15/04/2014,1.024
16/04/2014,0.886
17/04/2014,0.845
18/04/2014,0.688
19/04/2014,0.661
20/04/2014,0.646
21/04/2014,0.641
22/04/2014,0.654
23/04/2014,0.472
24/04/2014,0.41
25/04/2014,1.077
26/04/2014,1.35
27/04/2014,0.889
28/04/2014,0.768
29/04/2014,0.66
30/04/2014,0.859
01/05/2014,1.123
02/05/2014,0.83
03/05/2014,0.669
04/05/2014,0.61
05/05/2014,0.57
06/05/2014,0.534
07/05/2014,0.694
08/05/2014,0.934
09/05/2014,1.105
10/05/2014,0.815
11/05/2014,0.766
12/05/2014,0.745
13/05/2014,1.11
14/05/2014,1.186
15/05/2014,1.037
16/05/2014,0.924
17/05/2014,0.904
18/05/2014,0.888
19/05/2014,0.894
20/05/2014,0.688
21/05/2014,0.519
22/05/2014,0.552
23/05/2014,0.46
24/05/2014,0.701
25/05/2014,3.935
26/05/2014,1.35
27/05/2014,0.885
28/05/2014,1.823
29/05/2014,1.511
30/05/2014,1.005
31/05/2014,0.816
01/06/2014,0.738
02/06/2014,0.699
03/06/2014,0.76
04/06/2014,5.267
05/06/2014,4.496
06/06/2014,2.626
07/06/2014,3.16
08/06/2014,2.149
09/06/2014,2.669
10/06/2014,2.833
11/06/2014,2.597
12/06/2014,1.899
13/06/2014,1.363
14/06/2014,1.311
15/06/2014,1.221
16/06/2014,0.966
17/06/2014,0.601
18/06/2014,0.55
19/06/2014,0.481
20/06/2014,0.458
21/06/2014,0.44
22/06/2014,0.427
23/06/2014,0.421
24/06/2014,0.423
25/06/2014,0.405
26/06/2014,0.395
27/06/2014,0.425
28/06/2014,0.459
29/06/2014,0.434
30/06/2014,0.417
01/07/2014,0.409
02/07/2014,0.401
03/07/2014,0.399
04/07/2014,0.428
05/07/2014,0.403
06/07/2014,0.423
07/07/2014,0.397
08/07/2014,0.567
09/07/2014,0.395
10/07/2014,0.382
11/07/2014,0.381
12/07/2014,0.634
13/07/2014,0.445
14/07/2014,0.415
15/07/2014,0.406
16/07/2014,0.447
17/07/2014,0.384
18/07/2014,0.394
19/07/2014,0.471
20/07/2014,0.425
21/07/2014,0.372
22/07/2014,0.384
23/07/2014,0.477
24/07/2014,0.477
25/07/2014,0.475
26/07/2014,0.591
27/07/2014,0.51
28/07/2014,0.596
29/07/2014,0.517
30/07/2014,0.475
31/07/2014,0.486
01/08/2014,0.514
02/08/2014,1.263
03/08/2014,0.729
04/08/2014,0.553
05/08/2014,0.585
06/08/2014,0.846
07/08/2014,0.531
08/08/2014,0.786
09/08/2014,0.547
10/08/2014,1.711
11/08/2014,1.4
12/08/2014,0.965
13/08/2014,0.73
14/08/2014,0.954
15/08/2014,0.736
16/08/2014,0.627
17/08/2014,0.551
18/08/2014,0.506
19/08/2014,0.512
20/08/2014,0.483
21/08/2014,0.584
22/08/2014,0.581
23/08/2014,0.571
24/08/2014,0.499
25/08/2014,0.475
26/08/2014,0.469
27/08/2014,0.457
28/08/2014,0.468
29/08/2014,0.66
30/08/2014,0.656
31/08/2014,0.514
01/09/2014,0.474
02/09/2014,0.485
03/09/2014,0.476
04/09/2014,0.457
05/09/2014,0.593
06/09/2014,0.488
07/09/2014,0.451
08/09/2014,0.442
09/09/2014,0.441
10/09/2014,0.446
11/09/2014,0.451
12/09/2014,0.448
13/09/2014,0.447
14/09/2014,0.453
15/09/2014,0.778
16/09/2014,0.519
17/09/2014,0.509
18/09/2014,0.475
19/09/2014,0.472
20/09/2014,0.487
21/09/2014,0.49
22/09/2014,0.453
23/09/2014,0.485
24/09/2014,0.472
25/09/2014,0.469
26/09/2014,0.443
27/09/2014,0.437
28/09/2014,0.436
29/09/2014,0.432
30/09/2014,0.355
01/10/2014,0.323
02/10/2014,0.334
03/10/2014,2.183
04/10/2014,4.095
05/10/2014,1.115
06/10/2014,0.883
07/10/2014,0.698
08/10/2014,0.701
09/10/2014,0.642
10/10/2014,0.566
11/10/2014,0.508
12/10/2014,0.507
13/10/2014,0.87
14/10/2014,1.293
15/10/2014,1.112
16/10/2014,1.134
17/10/2014,1.139
18/10/2014,1.941
19/10/2014,2.659
20/10/2014,1.691
21/10/2014,1.577
22/10/2014,1.2
23/10/2014,1.19
24/10/2014,1.13
25/10/2014,1.052
26/10/2014,1.596
27/10/2014,1.718
28/10/2014,5.056
29/10/2014,1.934
30/10/2014,1.547
31/10/2014,1.4
01/11/2014,1.351
02/11/2014,1.358
03/11/2014,1.532
04/11/2014,1.471
05/11/2014,1.411
06/11/2014,2.776
07/11/2014,2.942
08/11/2014,2.169
09/11/2014,1.882
10/11/2014,1.65
11/11/2014,1.69
12/11/2014,1.803
13/11/2014,1.679
14/11/2014,3.259
15/11/2014,2.217
16/11/2014,2.275
17/11/2014,5.694
18/11/2014,2.634
19/11/2014,2.243
20/11/2014,2.027
21/11/2014,1.975
22/11/2014,1.95
23/11/2014,1.774
24/11/2014,1.668
25/11/2014,1.365
26/11/2014,1.211
27/11/2014,1.004
28/11/2014,0.788
29/11/2014,0.758
30/11/2014,0.729
01/12/2014,0.741
02/12/2014,0.705
03/12/2014,0.694
04/12/2014,0.688
05/12/2014,0.656
06/12/2014,0.745
07/12/2014,1.43
08/12/2014,1.241
09/12/2014,3.413
10/12/2014,4.769
11/12/2014,3.542
12/12/2014,2.622
13/12/2014,2.552
14/12/2014,3.394
15/12/2014,2.358
16/12/2014,2.454
17/12/2014,2.772
18/12/2014,2.9
19/12/2014,3.706
20/12/2014,3.023
21/12/2014,7.152
22/12/2014,9.677
23/12/2014,6.905
24/12/2014,5.319
25/12/2014,3.307
26/12/2014,2.784
27/12/2014,2.505
28/12/2014,2.307
29/12/2014,2.077
30/12/2014,2.022
31/12/2014,1.97
01/01/2015,5.659
02/01/2015,4.607
03/01/2015,3.359
04/01/2015,2.567
05/01/2015,2.315
06/01/2015,2.291
07/01/2015,3.886
08/01/2015,5.291
09/01/2015,6.126
10/01/2015,6.349
11/01/2015,10.27
12/01/2015,8.676
13/01/2015,5.232
14/01/2015,5.431
15/01/2015,5.53
16/01/2015,3.595
17/01/2015,2.855
18/01/2015,2.492
19/01/2015,2.343
20/01/2015,2.236
21/01/2015,2.119
22/01/2015,1.985
23/01/2015,2.192
24/01/2015,2.022
25/01/2015,1.95
26/01/2015,1.923
27/01/2015,1.821
28/01/2015,2.941
29/01/2015,2.174
30/01/2015,1.917
31/01/2015,1.816
01/02/2015,1.702
02/02/2015,1.59
03/02/2015,1.212
04/02/2015,0.986
05/02/2015,0.969
06/02/2015,1.006
07/02/2015,1.041
08/02/2015,1.053
09/02/2015,1.105
10/02/2015,0.946
11/02/2015,0.858
12/02/2015,0.824
13/02/2015,0.803
14/02/2015,0.786
15/02/2015,0.802
16/02/2015,1.065
17/02/2015,0.894
18/02/2015,0.972
19/02/2015,1.155
20/02/2015,1.113
21/02/2015,0.943
22/02/2015,1.907
23/02/2015,2.356
24/02/2015,2.172
25/02/2015,1.592
26/02/2015,2.891
27/02/2015,1.48
28/02/2015,4.554
01/03/2015,4.295
02/03/2015,2.55
03/03/2015,2.426
04/03/2015,2.162
05/03/2015,2.248
06/03/2015,2.196
07/03/2015,3.541
08/03/2015,3.195
09/03/2015,3.289
10/03/2015,3.229
11/03/2015,2.814
12/03/2015,6.595
13/03/2015,4.086
14/03/2015,3.13
15/03/2015,2.802
16/03/2015,2.686
17/03/2015,2.173
18/03/2015,1.935
19/03/2015,1.779
20/03/2015,1.684
21/03/2015,1.607
22/03/2015,1.577
23/03/2015,1.541
24/03/2015,1.527
25/03/2015,1.548
26/03/2015,1.379
27/03/2015,0.95
28/03/2015,1.418
29/03/2015,1.376
30/03/2015,2.935
31/03/2015,2.327
01/04/2015,1.452
02/04/2015,1.197
03/04/2015,1.565
04/04/2015,1.296
05/04/2015,1.09
06/04/2015,0.977
07/04/2015,0.92
08/04/2015,0.916
09/04/2015,0.918
10/04/2015,0.893
11/04/2015,0.88
12/04/2015,0.945
13/04/2015,0.866
14/04/2015,0.869
15/04/2015,0.849
16/04/2015,0.764
17/04/2015,0.759
18/04/2015,0.728
19/04/2015,0.727
20/04/2015,0.716
21/04/2015,0.675
22/04/2015,0.639
23/04/2015,0.646
24/04/2015,0.668
25/04/2015,0.672
26/04/2015,0.648
27/04/2015,0.646
28/04/2015,0.626
29/04/2015,0.772
30/04/2015,0.689
01/05/2015,0.617
02/05/2015,0.627
03/05/2015,1.051
04/05/2015,0.843
05/05/2015,2.082
06/05/2015,1.418
07/05/2015,0.978
08/05/2015,0.998
09/05/2015,1.285
10/05/2015,1.074
11/05/2015,1.193
12/05/2015,0.91
13/05/2015,0.781
14/05/2015,0.726
15/05/2015,0.719
16/05/2015,0.775
17/05/2015,0.827
18/05/2015,0.909
19/05/2015,0.864
20/05/2015,0.777
21/05/2015,0.744
22/05/2015,0.725
23/05/2015,0.704
24/05/2015,0.687
25/05/2015,0.673
26/05/2015,0.666
27/05/2015,0.725
28/05/2015,0.712
29/05/2015,0.727
30/05/2015,0.782
31/05/2015,0.695
01/06/2015,1.147
02/06/2015,1.23
03/06/2015,1.441
04/06/2015,1.394
05/06/2015,1.587
06/06/2015,1.691
07/06/2015,1.678
08/06/2015,1.672
09/06/2015,1.664
10/06/2015,1.015
11/06/2015,0.533
12/06/2015,0.525
13/06/2015,0.588
14/06/2015,0.56
15/06/2015,0.543
16/06/2015,0.603
17/06/2015,0.501
18/06/2015,0.413
19/06/2015,0.357
20/06/2015,0.364
21/06/2015,0.405
22/06/2015,0.394
23/06/2015,0.341
24/06/2015,0.353
25/06/2015,0.684
26/06/2015,0.423
27/06/2015,0.381
28/06/2015,0.428
29/06/2015,0.366
30/06/2015,0.346
01/07/2015,0.364
02/07/2015,0.345
03/07/2015,0.452
04/07/2015,1.016
05/07/2015,0.664
06/07/2015,0.574
07/07/2015,0.488
08/07/2015,0.543
09/07/2015,0.424
10/07/2015,0.394
11/07/2015,0.348
12/07/2015,0.37
13/07/2015,0.395
14/07/2015,0.357
15/07/2015,0.334
16/07/2015,0.575
17/07/2015,0.747
18/07/2015,0.635
19/07/2015,0.803
20/07/2015,0.549
21/07/2015,0.584
22/07/2015,0.699
23/07/2015,0.716
24/07/2015,0.703
25/07/2015,0.751
26/07/2015,1.038
27/07/2015,1.358
28/07/2015,2.259
29/07/2015,1.403
30/07/2015,0.947
31/07/2015,0.957
01/08/2015,1.029
02/08/2015,0.848
03/08/2015,0.729
04/08/2015,0.656
05/08/2015,0.701
06/08/2015,0.58
07/08/2015,0.466
08/08/2015,0.286
09/08/2015,0.279
10/08/2015,0.38
11/08/2015,0.459
12/08/2015,0.494
13/08/2015,0.471
14/08/2015,0.658
15/08/2015,0.458
16/08/2015,0.431
17/08/2015,0.421
18/08/2015,0.443
19/08/2015,0.426
20/08/2015,0.413
21/08/2015,0.409
22/08/2015,0.788
23/08/2015,0.523
24/08/2015,0.438
25/08/2015,0.374
26/08/2015,0.375
27/08/2015,0.434
28/08/2015,0.429
29/08/2015,0.403
30/08/2015,0.395
31/08/2015,0.37
01/09/2015,0.373
02/09/2015,0.391
03/09/2015,0.377
04/09/2015,0.381
05/09/2015,0.371
06/09/2015,0.24
07/09/2015,0.185
08/09/2015,0.172
09/09/2015,0.309
10/09/2015,0.234
11/09/2015,0.344
12/09/2015,0.193
13/09/2015,0.366
14/09/2015,0.501
15/09/2015,0.28
16/09/2015,0.287
17/09/2015,0.295
18/09/2015,0.32
19/09/2015,0.277
20/09/2015,0.44
21/09/2015,0.505
22/09/2015,0.327
23/09/2015,0.31
24/09/2015,0.43
25/09/2015,0.298
26/09/2015,0.307
27/09/2015,0.3
28/09/2015,0.324
29/09/2015,0.179
30/09/2015,0.162
