Date,Rainfall
01/01/2001,3
02/01/2001,0.8
03/01/2001,4
04/01/2001,0
05/01/2001,2
06/01/2001,3
07/01/2001,0.8
08/01/2001,0.1
09/01/2001,0.4
10/01/2001,1.2
11/01/2001,0.2
12/01/2001,0
13/01/2001,0
14/01/2001,0
15/01/2001,0
16/01/2001,0
17/01/2001,0
18/01/2001,1
19/01/2001,1.1
20/01/2001,0.5
21/01/2001,0.7
22/01/2001,1.9
23/01/2001,10.2
24/01/2001,0.5
25/01/2001,1.3
26/01/2001,0.4
27/01/2001,0
28/01/2001,0.1
29/01/2001,1.4
30/01/2001,0.6
31/01/2001,0
01/02/2001,4
02/02/2001,5
03/02/2001,5.4
04/02/2001,8.5
05/02/2001,11.3
06/02/2001,9.8
07/02/2001,0
08/02/2001,0
09/02/2001,0
10/02/2001,6.5
11/02/2001,2.5
12/02/2001,0
13/02/2001,0
14/02/2001,0.1
15/02/2001,0
16/02/2001,0.1
17/02/2001,0
18/02/2001,0.8
19/02/2001,0
20/02/2001,0.2
21/02/2001,0
22/02/2001,0.1
23/02/2001,0
24/02/2001,2
25/02/2001,2.5
26/02/2001,22.9
27/02/2001,0.2
28/02/2001,0.2
01/03/2001,0
02/03/2001,0
03/03/2001,0
04/03/2001,0.1
05/03/2001,0
06/03/2001,0.8
07/03/2001,0.2
08/03/2001,0.3
09/03/2001,0.6
10/03/2001,0.5
11/03/2001,21
12/03/2001,0.1
13/03/2001,0
14/03/2001,4.6
15/03/2001,0.7
16/03/2001,1.3
17/03/2001,4
18/03/2001,3.6
19/03/2001,0.4
20/03/2001,0
21/03/2001,0.4
22/03/2001,4.1
23/03/2001,3.5
24/03/2001,0.7
25/03/2001,2.2
26/03/2001,0
27/03/2001,4.1
28/03/2001,6.4
29/03/2001,1.7
30/03/2001,3.8
31/03/2001,1
01/04/2001,0.6
02/04/2001,0.2
03/04/2001,1.2
04/04/2001,0.1
05/04/2001,2.1
06/04/2001,14.3
07/04/2001,0.4
08/04/2001,0.5
09/04/2001,2.5
10/04/2001,1.7
11/04/2001,0
12/04/2001,0
13/04/2001,0.4
14/04/2001,0.8
15/04/2001,1.2
16/04/2001,0
17/04/2001,7.7
18/04/2001,0.1
19/04/2001,0
20/04/2001,0
21/04/2001,3
22/04/2001,4.6
23/04/2001,0.9
24/04/2001,2.5
25/04/2001,11.6
26/04/2001,0.3
27/04/2001,2
28/04/2001,1.2
29/04/2001,0.1
30/04/2001,0.7
01/05/2001,0
02/05/2001,0
03/05/2001,0.6
04/05/2001,0
05/05/2001,0
06/05/2001,0
07/05/2001,0
08/05/2001,0
09/05/2001,0
10/05/2001,0.1
11/05/2001,0
12/05/2001,0
13/05/2001,0
14/05/2001,0
15/05/2001,3.2
16/05/2001,4.8
17/05/2001,19.3
18/05/2001,0.1
19/05/2001,0
20/05/2001,0
21/05/2001,0
22/05/2001,0
23/05/2001,0
24/05/2001,0
25/05/2001,0.1
26/05/2001,0.2
27/05/2001,0.2
28/05/2001,2.2
29/05/2001,1.6
30/05/2001,8.6
31/05/2001,2
01/06/2001,1.4
02/06/2001,0
03/06/2001,0
04/06/2001,0
05/06/2001,1.3
06/06/2001,2.1
07/06/2001,6.3
08/06/2001,2.4
09/06/2001,7.9
10/06/2001,0
11/06/2001,0
12/06/2001,0
13/06/2001,0
14/06/2001,4.9
15/06/2001,10.8
16/06/2001,0.2
17/06/2001,0
18/06/2001,4.1
19/06/2001,3.8
20/06/2001,0
21/06/2001,0
22/06/2001,0
23/06/2001,0
24/06/2001,0
25/06/2001,1.6
26/06/2001,14.2
27/06/2001,3.2
28/06/2001,0.4
29/06/2001,4.8
30/06/2001,0.8
01/07/2001,0.7
02/07/2001,0
03/07/2001,1.3
04/07/2001,0.1
05/07/2001,0.1
06/07/2001,17.7
07/07/2001,7.8
08/07/2001,0.1
09/07/2001,0.2
10/07/2001,11.2
11/07/2001,7.1
12/07/2001,12.9
13/07/2001,4.8
14/07/2001,5.7
15/07/2001,0.6
16/07/2001,0
17/07/2001,1.3
18/07/2001,0.8
19/07/2001,0
20/07/2001,4.3
21/07/2001,1.1
22/07/2001,0.1
23/07/2001,1.8
24/07/2001,0.3
25/07/2001,0.1
26/07/2001,1.4
27/07/2001,0.1
28/07/2001,0
29/07/2001,0.1
30/07/2001,9.4
31/07/2001,0
01/08/2001,0.2
02/08/2001,3.5
03/08/2001,0
04/08/2001,3.4
05/08/2001,0
06/08/2001,1.7
07/08/2001,13.8
08/08/2001,8.9
09/08/2001,1.9
10/08/2001,0.1
11/08/2001,2
12/08/2001,6.8
13/08/2001,18.1
14/08/2001,0.1
15/08/2001,2.2
16/08/2001,0.3
17/08/2001,0.6
18/08/2001,11.4
19/08/2001,31.2
20/08/2001,0
21/08/2001,0.1
22/08/2001,0
23/08/2001,0
24/08/2001,0
25/08/2001,3.4
26/08/2001,0.2
27/08/2001,0.1
28/08/2001,0
29/08/2001,2.4
30/08/2001,3
31/08/2001,0
01/09/2001,3.2
02/09/2001,0
03/09/2001,0.6
04/09/2001,0.6
05/09/2001,0
06/09/2001,0.6
07/09/2001,0.7
08/09/2001,0.1
09/09/2001,0
10/09/2001,0.1
11/09/2001,0
12/09/2001,5.7
13/09/2001,1.2
14/09/2001,3.1
15/09/2001,0.5
16/09/2001,2.1
17/09/2001,0
18/09/2001,0
19/09/2001,4.8
20/09/2001,4
21/09/2001,0
22/09/2001,0
23/09/2001,3.3
24/09/2001,1.3
25/09/2001,2.8
26/09/2001,0.2
27/09/2001,2.8
28/09/2001,2
29/09/2001,2.7
30/09/2001,10.5
01/10/2001,0.7
02/10/2001,2.5
03/10/2001,3.4
04/10/2001,1
05/10/2001,4.9
06/10/2001,6.9
07/10/2001,18.6
08/10/2001,0.2
09/10/2001,2.3
10/10/2001,0.3
11/10/2001,0.7
12/10/2001,1.1
13/10/2001,0.2
14/10/2001,8.9
15/10/2001,3.3
16/10/2001,0.1
17/10/2001,1.4
18/10/2001,3.5
19/10/2001,4.4
20/10/2001,5.3
21/10/2001,17.6
22/10/2001,4
23/10/2001,2.3
24/10/2001,0.1
25/10/2001,6.9
26/10/2001,1.2
27/10/2001,0
28/10/2001,0.2
29/10/2001,0.3
30/10/2001,4.1
31/10/2001,0
01/11/2001,0
02/11/2001,0.4
03/11/2001,0.8
04/11/2001,0.3
05/11/2001,7.1
06/11/2001,0
07/11/2001,8.8
08/11/2001,1.3
09/11/2001,2.1
10/11/2001,0
11/11/2001,3.5
12/11/2001,1.1
13/11/2001,0.1
14/11/2001,0.1
15/11/2001,7.2
16/11/2001,0
17/11/2001,0.2
18/11/2001,9.5
19/11/2001,1.2
20/11/2001,0.7
21/11/2001,2.4
22/11/2001,0.1
23/11/2001,0.4
24/11/2001,2.3
25/11/2001,0.2
26/11/2001,3.3
27/11/2001,1.8
28/11/2001,2.2
29/11/2001,3
30/11/2001,10.1
01/12/2001,0
02/12/2001,0
03/12/2001,1.5
04/12/2001,7
05/12/2001,8.4
06/12/2001,2.2
07/12/2001,0.2
08/12/2001,0
09/12/2001,0
10/12/2001,0
11/12/2001,0
12/12/2001,0
13/12/2001,0.4
14/12/2001,0.8
15/12/2001,4
16/12/2001,4.1
17/12/2001,0.5
18/12/2001,0
19/12/2001,1.1
20/12/2001,0.6
21/12/2001,2.7
22/12/2001,0.1
23/12/2001,0.2
24/12/2001,1.1
25/12/2001,0
26/12/2001,1.7
27/12/2001,4.7
28/12/2001,0.3
29/12/2001,0.1
30/12/2001,0
31/12/2001,0
01/01/2002,0.1
02/01/2002,0
03/01/2002,0
04/01/2002,1.2
05/01/2002,0.1
06/01/2002,0
07/01/2002,0
08/01/2002,0.1
09/01/2002,0
10/01/2002,0
11/01/2002,0.6
12/01/2002,0.2
13/01/2002,0
14/01/2002,2.7
15/01/2002,0.3
16/01/2002,6.1
17/01/2002,2.8
18/01/2002,1.4
19/01/2002,10.9
20/01/2002,4.6
21/01/2002,2
22/01/2002,3.9
23/01/2002,19.3
24/01/2002,0
25/01/2002,14.3
26/01/2002,6.1
27/01/2002,2.3
28/01/2002,11.7
29/01/2002,8.7
30/01/2002,1.4
31/01/2002,6.7
01/02/2002,10.8
02/02/2002,4.5
03/02/2002,6.2
04/02/2002,7.3
05/02/2002,3.6
06/02/2002,5
07/02/2002,2.5
08/02/2002,5.7
09/02/2002,0.6
10/02/2002,6.4
11/02/2002,8.5
12/02/2002,15
13/02/2002,0.2
14/02/2002,0.1
15/02/2002,0
16/02/2002,0
17/02/2002,0.9
18/02/2002,5.1
19/02/2002,11.6
20/02/2002,1.7
21/02/2002,10.2
22/02/2002,5.1
23/02/2002,1.2
24/02/2002,2.1
25/02/2002,11.3
26/02/2002,15
27/02/2002,14.9
28/02/2002,2.3
01/03/2002,0.4
02/03/2002,0
03/03/2002,0.3
04/03/2002,0.3
05/03/2002,10
06/03/2002,6
07/03/2002,0.1
08/03/2002,4.6
09/03/2002,5.4
10/03/2002,4.4
11/03/2002,0.1
12/03/2002,0.1
13/03/2002,0
14/03/2002,0.5
15/03/2002,1.3
16/03/2002,0.3
17/03/2002,0.2
18/03/2002,2.2
19/03/2002,5.7
20/03/2002,16.3
21/03/2002,5
22/03/2002,0
23/03/2002,0.1
24/03/2002,0.5
25/03/2002,0.1
26/03/2002,0
27/03/2002,0
28/03/2002,0
29/03/2002,0
30/03/2002,0
31/03/2002,0
01/04/2002,8.5
02/04/2002,0.3
03/04/2002,0.3
04/04/2002,0
05/04/2002,0
06/04/2002,0
07/04/2002,0.1
08/04/2002,0
09/04/2002,0
10/04/2002,0.1
11/04/2002,4.7
12/04/2002,0.1
13/04/2002,0.9
14/04/2002,4
15/04/2002,0.5
16/04/2002,0
17/04/2002,1.7
18/04/2002,0.5
19/04/2002,0
20/04/2002,1.6
21/04/2002,1.2
22/04/2002,0.1
23/04/2002,0
24/04/2002,0.1
25/04/2002,3.2
26/04/2002,0.3
27/04/2002,0.2
28/04/2002,10.6
29/04/2002,0.8
30/04/2002,7.2
01/05/2002,2.5
02/05/2002,1.9
03/05/2002,0.4
04/05/2002,0.1
05/05/2002,0
06/05/2002,0
07/05/2002,1.6
08/05/2002,0
09/05/2002,1.6
10/05/2002,0.1
11/05/2002,0
12/05/2002,0
13/05/2002,4.8
14/05/2002,0.7
15/05/2002,0.2
16/05/2002,0
17/05/2002,0
18/05/2002,3.9
19/05/2002,0.6
20/05/2002,4
21/05/2002,3.8
22/05/2002,5.9
23/05/2002,9.1
24/05/2002,15.5
25/05/2002,1.5
26/05/2002,4.8
27/05/2002,1
28/05/2002,1.7
29/05/2002,0.6
30/05/2002,1.1
31/05/2002,0
01/06/2002,4.9
02/06/2002,5.2
03/06/2002,1.9
04/06/2002,0.8
05/06/2002,5.6
06/06/2002,0.1
07/06/2002,8.8
08/06/2002,1.3
09/06/2002,5.6
10/06/2002,1.8
11/06/2002,0.2
12/06/2002,6.1
13/06/2002,6.1
14/06/2002,15.7
15/06/2002,2.7
16/06/2002,3.7
17/06/2002,0
18/06/2002,3.9
19/06/2002,0
20/06/2002,0.2
21/06/2002,4.2
22/06/2002,4.9
23/06/2002,0.1
24/06/2002,0.1
25/06/2002,0.4
26/06/2002,0.2
27/06/2002,2.1
28/06/2002,0
29/06/2002,1.2
30/06/2002,9.1
01/07/2002,2.9
02/07/2002,4.2
03/07/2002,4
04/07/2002,0.1
05/07/2002,0.3
06/07/2002,1
07/07/2002,2.4
08/07/2002,0.4
09/07/2002,0.2
10/07/2002,0.6
11/07/2002,0.1
12/07/2002,3.6
13/07/2002,0
14/07/2002,0
15/07/2002,0
16/07/2002,0.2
17/07/2002,0
18/07/2002,2.6
19/07/2002,8.1
20/07/2002,10.5
21/07/2002,2.5
22/07/2002,9.7
23/07/2002,9.3
24/07/2002,0.3
25/07/2002,0
26/07/2002,0
27/07/2002,0
28/07/2002,11.5
29/07/2002,0.2
30/07/2002,18.3
31/07/2002,12.1
01/08/2002,0.1
02/08/2002,27.3
03/08/2002,1.2
04/08/2002,0.1
05/08/2002,0
06/08/2002,10.2
07/08/2002,0.1
08/08/2002,10.3
09/08/2002,7.4
10/08/2002,0.1
11/08/2002,14.1
12/08/2002,1.2
13/08/2002,11
14/08/2002,1.5
15/08/2002,0.1
16/08/2002,0
17/08/2002,1.7
18/08/2002,14.2
19/08/2002,0
20/08/2002,0
21/08/2002,0
22/08/2002,0.4
23/08/2002,3.8
24/08/2002,0.3
25/08/2002,0
26/08/2002,0.1
27/08/2002,0
28/08/2002,0.8
29/08/2002,7.9
30/08/2002,12.9
31/08/2002,0
01/09/2002,0
02/09/2002,0
03/09/2002,0
04/09/2002,0.1
05/09/2002,2.8
06/09/2002,0.4
07/09/2002,4.6
08/09/2002,2.9
09/09/2002,16.6
10/09/2002,0.1
11/09/2002,0
12/09/2002,0.1
13/09/2002,0
14/09/2002,0
15/09/2002,0.2
16/09/2002,0
17/09/2002,0
18/09/2002,0
19/09/2002,0
20/09/2002,0
21/09/2002,0
22/09/2002,0
23/09/2002,0
24/09/2002,0.3
25/09/2002,0.6
26/09/2002,0
27/09/2002,0
28/09/2002,0
29/09/2002,0
30/09/2002,0.1
01/10/2002,0.1
02/10/2002,1.1
03/10/2002,2
04/10/2002,2.2
05/10/2002,0
06/10/2002,0.2
07/10/2002,0.4
08/10/2002,0
09/10/2002,0.2
10/10/2002,0.2
11/10/2002,37.4
12/10/2002,6.7
13/10/2002,6.4
14/10/2002,4
15/10/2002,3.9
16/10/2002,0.3
17/10/2002,1.3
18/10/2002,0
19/10/2002,0
20/10/2002,8.7
21/10/2002,40.2
22/10/2002,26.1
23/10/2002,3.5
24/10/2002,11.3
25/10/2002,5.8
26/10/2002,18.3
27/10/2002,1.8
28/10/2002,10.9
29/10/2002,2
30/10/2002,0
31/10/2002,0.6
01/11/2002,3.5
02/11/2002,7.8
03/11/2002,0.1
04/11/2002,1.2
05/11/2002,6.5
06/11/2002,1.2
07/11/2002,2.1
08/11/2002,3.7
09/11/2002,4.1
10/11/2002,0.3
11/11/2002,2.6
12/11/2002,2.3
13/11/2002,6.6
14/11/2002,26.2
15/11/2002,0.1
16/11/2002,1.2
17/11/2002,0.1
18/11/2002,0
19/11/2002,0.2
20/11/2002,0.7
21/11/2002,4.6
22/11/2002,0.6
23/11/2002,0
24/11/2002,0
25/11/2002,1.4
26/11/2002,1
27/11/2002,0.7
28/11/2002,2.9
29/11/2002,0.3
30/11/2002,4.4
01/12/2002,10.5
02/12/2002,2
03/12/2002,4.2
04/12/2002,0.1
05/12/2002,1
06/12/2002,0.3
07/12/2002,0.3
08/12/2002,0.1
09/12/2002,0.2
10/12/2002,0.1
11/12/2002,0
12/12/2002,0
13/12/2002,0.2
14/12/2002,0.1
15/12/2002,12.1
16/12/2002,1.1
17/12/2002,0
18/12/2002,0
19/12/2002,0
20/12/2002,0
21/12/2002,8.5
22/12/2002,3.4
23/12/2002,0.8
24/12/2002,0.4
25/12/2002,1.3
26/12/2002,8.6
27/12/2002,5.5
28/12/2002,1.4
29/12/2002,2
30/12/2002,0.1
31/12/2002,1.8
01/01/2003,11.4
02/01/2003,8
03/01/2003,0
04/01/2003,0
05/01/2003,0.1
06/01/2003,0
07/01/2003,3
08/01/2003,9.5
09/01/2003,0
10/01/2003,0
11/01/2003,0.4
12/01/2003,1.9
13/01/2003,2.2
14/01/2003,3.1
15/01/2003,5.5
16/01/2003,10.9
17/01/2003,2.3
18/01/2003,4.5
19/01/2003,1.3
20/01/2003,1.9
21/01/2003,2.1
22/01/2003,8.7
23/01/2003,0.7
24/01/2003,6.4
25/01/2003,2
26/01/2003,2.3
27/01/2003,4.5
28/01/2003,0.4
29/01/2003,0
30/01/2003,0
31/01/2003,0.3
01/02/2003,8.6
02/02/2003,7.8
03/02/2003,0.2
04/02/2003,0
05/02/2003,0.3
06/02/2003,0.3
07/02/2003,0
08/02/2003,4.4
09/02/2003,0
10/02/2003,2.4
11/02/2003,0.7
12/02/2003,0.4
13/02/2003,0
14/02/2003,0
15/02/2003,0
16/02/2003,0
17/02/2003,0
18/02/2003,0
19/02/2003,0
20/02/2003,0
21/02/2003,0
22/02/2003,0
23/02/2003,0
24/02/2003,0
25/02/2003,0
26/02/2003,0.2
27/02/2003,0
28/02/2003,0.4
01/03/2003,8.6
02/03/2003,0
03/03/2003,0.6
04/03/2003,1.6
05/03/2003,0.2
06/03/2003,0.1
07/03/2003,1
08/03/2003,4.1
09/03/2003,2.3
10/03/2003,3
11/03/2003,3.5
12/03/2003,0
13/03/2003,0
14/03/2003,0
15/03/2003,0
16/03/2003,0
17/03/2003,0.1
18/03/2003,0
19/03/2003,0
20/03/2003,0
21/03/2003,0
22/03/2003,0.2
23/03/2003,0
24/03/2003,0
25/03/2003,0
26/03/2003,0
27/03/2003,0
28/03/2003,0
29/03/2003,0
30/03/2003,0
31/03/2003,8.5
01/04/2003,0.6
02/04/2003,0.1
03/04/2003,0
04/04/2003,0
05/04/2003,0
06/04/2003,0
07/04/2003,0
08/04/2003,0
09/04/2003,0
10/04/2003,0
11/04/2003,0
12/04/2003,0
13/04/2003,0.1
14/04/2003,0
15/04/2003,0
16/04/2003,0
17/04/2003,0
18/04/2003,0
19/04/2003,0
20/04/2003,0
21/04/2003,0.9
22/04/2003,0.2
23/04/2003,0
24/04/2003,0.1
25/04/2003,3.7
26/04/2003,0.2
27/04/2003,6.5
28/04/2003,8.9
29/04/2003,3.5
30/04/2003,10.4
01/05/2003,6.9
02/05/2003,5.5
03/05/2003,3
04/05/2003,8.3
05/05/2003,3.1
06/05/2003,0.8
07/05/2003,2
08/05/2003,0.2
09/05/2003,6.2
10/05/2003,1.8
11/05/2003,5.7
12/05/2003,3.3
13/05/2003,0.3
14/05/2003,2.6
15/05/2003,0
16/05/2003,5.8
17/05/2003,0.8
18/05/2003,4.8
19/05/2003,4.3
20/05/2003,0.4
21/05/2003,0.9
22/05/2003,0.7
23/05/2003,1
24/05/2003,3.6
25/05/2003,0.3
26/05/2003,0
27/05/2003,0.1
28/05/2003,0.4
29/05/2003,0.4
30/05/2003,5.1
31/05/2003,0
01/06/2003,0.1
02/06/2003,0
03/06/2003,1.8
04/06/2003,1.4
05/06/2003,1.4
06/06/2003,0
07/06/2003,4.5
08/06/2003,6.1
09/06/2003,1.7
10/06/2003,0.9
11/06/2003,0.9
12/06/2003,3.3
13/06/2003,0
14/06/2003,0
15/06/2003,0
16/06/2003,0
17/06/2003,0.1
18/06/2003,0.5
19/06/2003,1.7
20/06/2003,0
21/06/2003,1.5
22/06/2003,0.1
23/06/2003,0
24/06/2003,0
25/06/2003,0
26/06/2003,0
27/06/2003,6.5
28/06/2003,0
29/06/2003,0
30/06/2003,3.5
01/07/2003,9
02/07/2003,0.1
03/07/2003,0
04/07/2003,0
05/07/2003,0.1
06/07/2003,1.1
07/07/2003,2.2
08/07/2003,0
09/07/2003,0.1
10/07/2003,2.9
11/07/2003,0.5
12/07/2003,0
13/07/2003,0
14/07/2003,0
15/07/2003,0
16/07/2003,0.2
17/07/2003,1.2
18/07/2003,0.7
19/07/2003,1.5
20/07/2003,0.6
21/07/2003,10.5
22/07/2003,0
23/07/2003,0.6
24/07/2003,4.8
25/07/2003,1.3
26/07/2003,0.5
27/07/2003,0.5
28/07/2003,2.9
29/07/2003,12.4
30/07/2003,2.3
31/07/2003,2.2
01/08/2003,0.1
02/08/2003,0.2
03/08/2003,0.1
04/08/2003,0
05/08/2003,2.4
06/08/2003,0
07/08/2003,0
08/08/2003,0
09/08/2003,0.2
10/08/2003,0.1
11/08/2003,0
12/08/2003,0.7
13/08/2003,0
14/08/2003,0
15/08/2003,0
16/08/2003,0
17/08/2003,2.7
18/08/2003,0.1
19/08/2003,0.3
20/08/2003,0.6
21/08/2003,2
22/08/2003,0
23/08/2003,0
24/08/2003,0
25/08/2003,0.1
26/08/2003,0.1
27/08/2003,3
28/08/2003,0.6
29/08/2003,2
30/08/2003,0.1
31/08/2003,0
01/09/2003,0.1
02/09/2003,0
03/09/2003,0
04/09/2003,0
05/09/2003,1.7
06/09/2003,0.1
07/09/2003,5.6
08/09/2003,0
09/09/2003,0.4
10/09/2003,0
11/09/2003,0.9
12/09/2003,0.1
13/09/2003,0
14/09/2003,0.6
15/09/2003,0.2
16/09/2003,0.8
17/09/2003,1.1
18/09/2003,1.9
19/09/2003,1.6
20/09/2003,0.4
21/09/2003,27.8
22/09/2003,0.7
23/09/2003,0
24/09/2003,0
25/09/2003,2.3
26/09/2003,0.8
27/09/2003,1
28/09/2003,0.1
29/09/2003,0.7
30/09/2003,0
01/10/2003,0.1
02/10/2003,0.5
03/10/2003,0.1
04/10/2003,0.5
05/10/2003,1.3
06/10/2003,0.6
07/10/2003,0
08/10/2003,3.9
09/10/2003,2.7
10/10/2003,0
11/10/2003,0.9
12/10/2003,0
13/10/2003,0.1
14/10/2003,0
15/10/2003,0
16/10/2003,0
17/10/2003,0.1
18/10/2003,2.4
19/10/2003,2.7
20/10/2003,0.1
21/10/2003,34.1
22/10/2003,8.5
23/10/2003,0
24/10/2003,0.1
25/10/2003,0.4
26/10/2003,0
27/10/2003,0.1
28/10/2003,1.2
29/10/2003,0.1
30/10/2003,1.3
31/10/2003,1.7
01/11/2003,3.5
02/11/2003,0.8
03/11/2003,0.1
04/11/2003,0.2
05/11/2003,0
06/11/2003,0
07/11/2003,0
08/11/2003,0.3
09/11/2003,0
10/11/2003,0
11/11/2003,0.7
12/11/2003,0.9
13/11/2003,1.8
14/11/2003,1.4
15/11/2003,0.1
16/11/2003,0.7
17/11/2003,2.4
18/11/2003,3.8
19/11/2003,0.2
20/11/2003,0.2
21/11/2003,0.1
22/11/2003,0
23/11/2003,0
24/11/2003,2.6
25/11/2003,1.9
26/11/2003,4.2
27/11/2003,0.4
28/11/2003,8.6
29/11/2003,11.6
30/11/2003,4.9
01/12/2003,7.6
02/12/2003,1.6
03/12/2003,0
04/12/2003,0.1
05/12/2003,0.7
06/12/2003,0
07/12/2003,0
08/12/2003,0
09/12/2003,0.2
10/12/2003,4.4
11/12/2003,0
12/12/2003,2.9
13/12/2003,1
14/12/2003,0.2
15/12/2003,0.6
16/12/2003,0.7
17/12/2003,0.1
18/12/2003,0.1
19/12/2003,8.1
20/12/2003,20.3
21/12/2003,0
22/12/2003,1.7
23/12/2003,1.8
24/12/2003,4.1
25/12/2003,7
26/12/2003,7
27/12/2003,0.1
28/12/2003,0
29/12/2003,0
30/12/2003,0
31/12/2003,6.2
01/01/2004,1.5
02/01/2004,1.1
03/01/2004,0
04/01/2004,0.8
05/01/2004,0.9
06/01/2004,0.4
07/01/2004,0.9
08/01/2004,13.8
09/01/2004,0.6
10/01/2004,6.1
11/01/2004,13.6
12/01/2004,14.3
13/01/2004,3
14/01/2004,1.9
15/01/2004,10.5
16/01/2004,1.5
17/01/2004,0.2
18/01/2004,1.1
19/01/2004,4.4
20/01/2004,2
21/01/2004,0.2
22/01/2004,0.2
23/01/2004,4
24/01/2004,1.5
25/01/2004,4.3
26/01/2004,0.2
27/01/2004,0.7
28/01/2004,1.8
29/01/2004,2
30/01/2004,6.4
31/01/2004,16.2
01/02/2004,8.8
02/02/2004,6
03/02/2004,0.6
04/02/2004,3.1
05/02/2004,11.7
06/02/2004,0.3
07/02/2004,6.6
08/02/2004,0.2
09/02/2004,1.1
10/02/2004,0
11/02/2004,0
12/02/2004,0.1
13/02/2004,3.4
14/02/2004,0.1
15/02/2004,0
16/02/2004,6.1
17/02/2004,0
18/02/2004,0
19/02/2004,0.2
20/02/2004,0.1
21/02/2004,0
22/02/2004,0
23/02/2004,0.4
24/02/2004,0.1
25/02/2004,0
26/02/2004,0
27/02/2004,0
28/02/2004,0
29/02/2004,0
01/03/2004,0
02/03/2004,0.3
03/03/2004,4.9
04/03/2004,0
05/03/2004,0
06/03/2004,0.6
07/03/2004,0
08/03/2004,0
09/03/2004,0
10/03/2004,0.1
11/03/2004,0
12/03/2004,0
13/03/2004,0.8
14/03/2004,1.3
15/03/2004,5.1
16/03/2004,0.2
17/03/2004,0.2
18/03/2004,12.2
19/03/2004,9.9
20/03/2004,7.4
21/03/2004,0.6
22/03/2004,0.2
23/03/2004,0.8
24/03/2004,0.6
25/03/2004,1.7
26/03/2004,0
27/03/2004,0.3
28/03/2004,0.1
29/03/2004,0
30/03/2004,0
31/03/2004,0.2
01/04/2004,0.8
02/04/2004,4.6
03/04/2004,6.5
04/04/2004,2.2
05/04/2004,3.2
06/04/2004,3.7
07/04/2004,0.4
08/04/2004,0.7
09/04/2004,0.9
10/04/2004,0
11/04/2004,0.1
12/04/2004,0
13/04/2004,0.3
14/04/2004,0.1
15/04/2004,5.3
16/04/2004,0.2
17/04/2004,11.6
18/04/2004,19.3
19/04/2004,1.1
20/04/2004,1.3
21/04/2004,0.1
22/04/2004,0
23/04/2004,0.1
24/04/2004,0
25/04/2004,0
26/04/2004,7.7
27/04/2004,3.1
28/04/2004,0.6
29/04/2004,13.5
30/04/2004,1
01/05/2004,0
02/05/2004,0.4
03/05/2004,5.2
04/05/2004,5.3
05/05/2004,2.6
06/05/2004,0.8
07/05/2004,1.8
08/05/2004,5.3
09/05/2004,0.1
10/05/2004,0.6
11/05/2004,0
12/05/2004,0.1
13/05/2004,0.4
14/05/2004,0.1
15/05/2004,0
16/05/2004,0
17/05/2004,0
18/05/2004,1
19/05/2004,0
20/05/2004,5.2
21/05/2004,0.7
22/05/2004,0
23/05/2004,0
24/05/2004,0
25/05/2004,0
26/05/2004,0
27/05/2004,0
28/05/2004,2
29/05/2004,0.7
30/05/2004,1.8
31/05/2004,7.1
01/06/2004,7.1
02/06/2004,3.6
03/06/2004,0.3
04/06/2004,0
05/06/2004,0.1
06/06/2004,0
07/06/2004,0
08/06/2004,0
09/06/2004,2.1
10/06/2004,7.5
11/06/2004,0.3
12/06/2004,0
13/06/2004,0
14/06/2004,0.2
15/06/2004,0
16/06/2004,2.5
17/06/2004,6.9
18/06/2004,2.6
19/06/2004,3.5
20/06/2004,0.6
21/06/2004,0.4
22/06/2004,14.7
23/06/2004,51.1
24/06/2004,9.5
25/06/2004,0
26/06/2004,7.2
27/06/2004,4.5
28/06/2004,1
29/06/2004,4.5
30/06/2004,5.8
01/07/2004,3.1
02/07/2004,8.9
03/07/2004,19.8
04/07/2004,7.3
05/07/2004,1.2
06/07/2004,1.6
07/07/2004,0
08/07/2004,0.1
09/07/2004,2.2
10/07/2004,0.3
11/07/2004,0.1
12/07/2004,0
13/07/2004,1.7
14/07/2004,0
15/07/2004,1.2
16/07/2004,1.9
17/07/2004,2.1
18/07/2004,0
19/07/2004,0.8
20/07/2004,2
21/07/2004,0
22/07/2004,0.1
23/07/2004,0
24/07/2004,2.6
25/07/2004,0.2
26/07/2004,0
27/07/2004,0.7
28/07/2004,2.1
29/07/2004,2.2
30/07/2004,0
31/07/2004,0.1
01/08/2004,0
02/08/2004,0.1
03/08/2004,17.7
04/08/2004,0.3
05/08/2004,3.3
06/08/2004,0
07/08/2004,0
08/08/2004,4.6
09/08/2004,28.1
10/08/2004,12.5
11/08/2004,7.6
12/08/2004,14.2
13/08/2004,0.6
14/08/2004,0.2
15/08/2004,2.2
16/08/2004,1.9
17/08/2004,8
18/08/2004,13.4
19/08/2004,6.1
20/08/2004,0.4
21/08/2004,0
22/08/2004,0
23/08/2004,6.3
24/08/2004,3.1
25/08/2004,0
26/08/2004,8.2
27/08/2004,0.3
28/08/2004,0.5
29/08/2004,1.7
30/08/2004,0
31/08/2004,0
01/09/2004,0
02/09/2004,0
03/09/2004,0.1
04/09/2004,0.2
05/09/2004,4.2
06/09/2004,0.2
07/09/2004,0
08/09/2004,0
09/09/2004,0.1
10/09/2004,3.2
11/09/2004,0.7
12/09/2004,3
13/09/2004,0.6
14/09/2004,1.4
15/09/2004,0.2
16/09/2004,6.1
17/09/2004,6.5
18/09/2004,3.2
19/09/2004,12.3
20/09/2004,2
21/09/2004,0.4
22/09/2004,0.7
23/09/2004,0.2
24/09/2004,0.3
25/09/2004,0
26/09/2004,0.2
27/09/2004,1.7
28/09/2004,2.7
29/09/2004,4
30/09/2004,3.9
01/10/2004,2.4
02/10/2004,6.6
03/10/2004,15.4
04/10/2004,3.9
05/10/2004,9.2
06/10/2004,0.3
07/10/2004,0.9
08/10/2004,0
09/10/2004,1.5
10/10/2004,0.1
11/10/2004,0
12/10/2004,4
13/10/2004,4.6
14/10/2004,5.7
15/10/2004,25.9
16/10/2004,3.8
17/10/2004,0.9
18/10/2004,2.1
19/10/2004,8.1
20/10/2004,19.1
21/10/2004,0.8
22/10/2004,0
23/10/2004,9.7
24/10/2004,16
25/10/2004,3.4
26/10/2004,0.2
27/10/2004,4
28/10/2004,11
29/10/2004,9.4
30/10/2004,0
31/10/2004,0
01/11/2004,0
02/11/2004,0.2
03/11/2004,3.3
04/11/2004,1.1
05/11/2004,5.5
06/11/2004,3.8
07/11/2004,0
08/11/2004,0.4
09/11/2004,0.1
10/11/2004,0
11/11/2004,1.8
12/11/2004,0.1
13/11/2004,0.1
14/11/2004,2.3
15/11/2004,3.9
16/11/2004,6.4
17/11/2004,1.5
18/11/2004,0
19/11/2004,0
20/11/2004,0.3
21/11/2004,4.2
22/11/2004,1.4
23/11/2004,0.2
24/11/2004,0
25/11/2004,0.1
26/11/2004,0
27/11/2004,5.9
28/11/2004,0
29/11/2004,0
30/11/2004,0.7
01/12/2004,0
02/12/2004,0.4
03/12/2004,0.2
04/12/2004,0.1
05/12/2004,0
06/12/2004,1.1
07/12/2004,0
08/12/2004,0
09/12/2004,0
10/12/2004,0
11/12/2004,0.3
12/12/2004,0
13/12/2004,4.8
14/12/2004,5.2
15/12/2004,5.9
16/12/2004,6.4
17/12/2004,0.1
18/12/2004,0
19/12/2004,0
20/12/2004,0.3
21/12/2004,4.6
22/12/2004,4.2
23/12/2004,7.6
24/12/2004,3.2
25/12/2004,0
26/12/2004,0.1
27/12/2004,7.2
28/12/2004,2.3
29/12/2004,2.6
30/12/2004,5.8
31/12/2004,0.9
01/01/2005,14.1
02/01/2005,1.6
03/01/2005,2
04/01/2005,1.7
05/01/2005,7.1
06/01/2005,8
07/01/2005,26.4
08/01/2005,9.8
09/01/2005,9.2
10/01/2005,0.4
11/01/2005,4.7
12/01/2005,6.5
13/01/2005,0.1
14/01/2005,0
15/01/2005,0.2
16/01/2005,2.7
17/01/2005,5.7
18/01/2005,1.9
19/01/2005,1.3
20/01/2005,1
21/01/2005,0
22/01/2005,0
23/01/2005,0
24/01/2005,1.7
25/01/2005,1.7
26/01/2005,0
27/01/2005,0
28/01/2005,0
29/01/2005,0
30/01/2005,0
31/01/2005,0
01/02/2005,0
02/02/2005,1.2
03/02/2005,0
04/02/2005,2.5
05/02/2005,1.1
06/02/2005,0
07/02/2005,1.6
08/02/2005,4.1
09/02/2005,2.9
10/02/2005,0.3
11/02/2005,17.5
12/02/2005,0.3
13/02/2005,0.1
14/02/2005,0
15/02/2005,0
16/02/2005,0.2
17/02/2005,1.1
18/02/2005,1.8
19/02/2005,0
20/02/2005,0.3
21/02/2005,6.1
22/02/2005,11
23/02/2005,6.8
24/02/2005,9.6
25/02/2005,0.9
26/02/2005,0.7
27/02/2005,0
28/02/2005,10.8
01/03/2005,2.6
02/03/2005,1.3
03/03/2005,1.1
04/03/2005,0.1
05/03/2005,1.6
06/03/2005,0.2
07/03/2005,0
08/03/2005,0.1
09/03/2005,2.3
10/03/2005,0.7
11/03/2005,0.4
12/03/2005,0
13/03/2005,0
14/03/2005,16.4
15/03/2005,5.8
16/03/2005,1.5
17/03/2005,2.7
18/03/2005,0.2
19/03/2005,0.1
20/03/2005,0
21/03/2005,0.8
22/03/2005,0.4
23/03/2005,0
24/03/2005,0.5
25/03/2005,0.6
26/03/2005,3.6
27/03/2005,10.4
28/03/2005,20.7
29/03/2005,1
30/03/2005,0
31/03/2005,0
01/04/2005,0
02/04/2005,0
03/04/2005,0
04/04/2005,7.9
05/04/2005,6.8
06/04/2005,2.4
07/04/2005,0.2
08/04/2005,0
09/04/2005,0.9
10/04/2005,0
11/04/2005,1.5
12/04/2005,0.8
13/04/2005,0.3
14/04/2005,2.4
15/04/2005,11.4
16/04/2005,0.4
17/04/2005,2.8
18/04/2005,1.4
19/04/2005,2.2
20/04/2005,0
21/04/2005,0
22/04/2005,0
23/04/2005,0.2
24/04/2005,0
25/04/2005,0
26/04/2005,6.2
27/04/2005,3.2
28/04/2005,0.9
29/04/2005,0
30/04/2005,1.9
01/05/2005,7
02/05/2005,2.3
03/05/2005,8.1
04/05/2005,0
05/05/2005,0.1
06/05/2005,0.1
07/05/2005,0.1
08/05/2005,0.7
09/05/2005,0.1
10/05/2005,0
11/05/2005,0
12/05/2005,0
13/05/2005,0
14/05/2005,0
15/05/2005,1.9
16/05/2005,0.1
17/05/2005,0.9
18/05/2005,14.3
19/05/2005,2.8
20/05/2005,1
21/05/2005,10.1
22/05/2005,2.6
23/05/2005,5.4
24/05/2005,0.8
25/05/2005,6.8
26/05/2005,0
27/05/2005,3.7
28/05/2005,0.8
29/05/2005,0.1
30/05/2005,1.3
31/05/2005,2.5
01/06/2005,13
02/06/2005,1.2
03/06/2005,3.9
04/06/2005,6.3
05/06/2005,1.2
06/06/2005,0
07/06/2005,0
08/06/2005,0
09/06/2005,0
10/06/2005,0
11/06/2005,2.3
12/06/2005,9.9
13/06/2005,3.5
14/06/2005,4.2
15/06/2005,0.4
16/06/2005,6.2
17/06/2005,0
18/06/2005,0
19/06/2005,0.1
20/06/2005,1.2
21/06/2005,1.7
22/06/2005,0
23/06/2005,0.3
24/06/2005,1.8
25/06/2005,0
26/06/2005,0
27/06/2005,0
28/06/2005,0
29/06/2005,3.7
30/06/2005,8.5
01/07/2005,0
02/07/2005,1.1
03/07/2005,0.2
04/07/2005,1.4
05/07/2005,8.8
06/07/2005,4.3
07/07/2005,0
08/07/2005,0
09/07/2005,0
10/07/2005,0
11/07/2005,0
12/07/2005,0
13/07/2005,0
14/07/2005,0.5
15/07/2005,0
16/07/2005,0
17/07/2005,2
18/07/2005,1.9
19/07/2005,2.3
20/07/2005,0
21/07/2005,0
22/07/2005,0
23/07/2005,0
24/07/2005,0
25/07/2005,0
26/07/2005,0
27/07/2005,0.6
28/07/2005,7.6
29/07/2005,9.9
30/07/2005,0.5
31/07/2005,0
01/08/2005,0
02/08/2005,0.7
03/08/2005,0.8
04/08/2005,2.7
05/08/2005,0.1
06/08/2005,1.2
07/08/2005,0
08/08/2005,0
09/08/2005,6.7
10/08/2005,2.1
11/08/2005,3.4
12/08/2005,4.5
13/08/2005,1.6
14/08/2005,1.1
15/08/2005,0.1
16/08/2005,0
17/08/2005,0.4
18/08/2005,2.1
19/08/2005,4.7
20/08/2005,0
21/08/2005,2.8
22/08/2005,0
23/08/2005,12.9
24/08/2005,0.6
25/08/2005,0.2
26/08/2005,3.5
27/08/2005,0.8
28/08/2005,6
29/08/2005,0
30/08/2005,0
31/08/2005,0.9
01/09/2005,0
02/09/2005,0
03/09/2005,0
04/09/2005,0
05/09/2005,0.2
06/09/2005,0.4
07/09/2005,3.7
08/09/2005,4.2
09/09/2005,12.2
10/09/2005,0.3
11/09/2005,0
12/09/2005,1.2
13/09/2005,1.7
14/09/2005,1.2
15/09/2005,1.1
16/09/2005,0.4
17/09/2005,1.6
18/09/2005,0
19/09/2005,5.3
20/09/2005,0.2
21/09/2005,0.2
22/09/2005,2.1
23/09/2005,1.2
24/09/2005,0.1
25/09/2005,0
26/09/2005,8.7
27/09/2005,3.2
28/09/2005,2.7
29/09/2005,2.4
30/09/2005,2
01/10/2005,0
02/10/2005,0.2
03/10/2005,0
04/10/2005,0
05/10/2005,0
06/10/2005,0
07/10/2005,2
08/10/2005,0.4
09/10/2005,0.3
10/10/2005,12.6
11/10/2005,55.1
12/10/2005,6
13/10/2005,0.1
14/10/2005,0
15/10/2005,0
16/10/2005,0
17/10/2005,0
18/10/2005,1.8
19/10/2005,2.1
20/10/2005,0.2
21/10/2005,6.8
22/10/2005,3.3
23/10/2005,14.5
24/10/2005,18.9
25/10/2005,4.4
26/10/2005,2.6
27/10/2005,0
28/10/2005,4.5
29/10/2005,0.9
30/10/2005,3.3
31/10/2005,0.1
01/11/2005,3.9
02/11/2005,9.6
03/11/2005,2.2
04/11/2005,1.9
05/11/2005,3.5
06/11/2005,1
07/11/2005,5.2
08/11/2005,4.7
09/11/2005,2.9
10/11/2005,4
11/11/2005,3.8
12/11/2005,0.1
13/11/2005,0.2
14/11/2005,0.9
15/11/2005,0.1
16/11/2005,0
17/11/2005,0.1
18/11/2005,0
19/11/2005,0.1
20/11/2005,0.1
21/11/2005,0.1
22/11/2005,0.1
23/11/2005,0.2
24/11/2005,0.2
25/11/2005,15
26/11/2005,4.8
27/11/2005,0.1
28/11/2005,0
29/11/2005,0.2
30/11/2005,0.1
01/12/2005,1.5
02/12/2005,3.8
03/12/2005,8
04/12/2005,0.9
05/12/2005,13.2
06/12/2005,0.1
07/12/2005,0
08/12/2005,0.5
09/12/2005,0.9
10/12/2005,0
11/12/2005,0.6
12/12/2005,0
13/12/2005,0
14/12/2005,0
15/12/2005,0.1
16/12/2005,0
17/12/2005,0
18/12/2005,1.1
19/12/2005,0
20/12/2005,2.9
21/12/2005,1.7
22/12/2005,3
23/12/2005,0
24/12/2005,0
25/12/2005,0
26/12/2005,1.8
27/12/2005,0.2
28/12/2005,0.1
29/12/2005,6.1
30/12/2005,4.4
31/12/2005,3.3
01/01/2006,0.1
02/01/2006,1.4
03/01/2006,0
04/01/2006,0.1
05/01/2006,0
06/01/2006,0
07/01/2006,0
08/01/2006,0
09/01/2006,2.7
10/01/2006,10.1
11/01/2006,2.9
12/01/2006,0.1
13/01/2006,4.4
14/01/2006,0
15/01/2006,1.8
16/01/2006,2.9
17/01/2006,0.4
18/01/2006,7.6
19/01/2006,6.2
20/01/2006,4.4
21/01/2006,0.1
22/01/2006,0
23/01/2006,0
24/01/2006,0
25/01/2006,0.4
26/01/2006,1.1
27/01/2006,1.1
28/01/2006,0.7
29/01/2006,0
30/01/2006,0
31/01/2006,0
01/02/2006,0
02/02/2006,0
03/02/2006,0
04/02/2006,0
05/02/2006,0
06/02/2006,0.6
07/02/2006,4.9
08/02/2006,0.1
09/02/2006,0
10/02/2006,0.2
11/02/2006,3.6
12/02/2006,1.2
13/02/2006,0.9
14/02/2006,8.7
15/02/2006,1.7
16/02/2006,2.7
17/02/2006,0
18/02/2006,0.3
19/02/2006,6.3
20/02/2006,0.5
21/02/2006,1.3
22/02/2006,3.2
23/02/2006,10.9
24/02/2006,0.1
25/02/2006,0.8
26/02/2006,0.4
27/02/2006,4.1
28/02/2006,0
01/03/2006,0
02/03/2006,0
03/03/2006,2.8
04/03/2006,0.8
05/03/2006,0.1
06/03/2006,2.9
07/03/2006,3.1
08/03/2006,0.3
09/03/2006,4.8
10/03/2006,2
11/03/2006,5.8
12/03/2006,3
13/03/2006,2.4
14/03/2006,0
15/03/2006,2
16/03/2006,3.4
17/03/2006,0.2
18/03/2006,0.1
19/03/2006,1.7
20/03/2006,0.7
21/03/2006,0
22/03/2006,0
23/03/2006,0
24/03/2006,2.2
25/03/2006,12.7
26/03/2006,8.2
27/03/2006,7.1
28/03/2006,7.2
29/03/2006,6.3
30/03/2006,5.3
31/03/2006,3.2
01/04/2006,0.6
02/04/2006,1.5
03/04/2006,0.8
04/04/2006,0.1
05/04/2006,0.9
06/04/2006,0.3
07/04/2006,7.2
08/04/2006,2
09/04/2006,0.1
10/04/2006,6.1
11/04/2006,1.4
12/04/2006,1.2
13/04/2006,1.4
14/04/2006,0
15/04/2006,0.1
16/04/2006,1.7
17/04/2006,0
18/04/2006,0.1
19/04/2006,0.3
20/04/2006,2.4
21/04/2006,0.1
22/04/2006,1.5
23/04/2006,0
24/04/2006,1.1
25/04/2006,0.5
26/04/2006,0.2
27/04/2006,0
28/04/2006,0
29/04/2006,0
30/04/2006,4.5
01/05/2006,0.9
02/05/2006,2.2
03/05/2006,0
04/05/2006,0.4
05/05/2006,0
06/05/2006,10.3
07/05/2006,2
08/05/2006,0
09/05/2006,0
10/05/2006,0
11/05/2006,0
12/05/2006,0.5
13/05/2006,0
14/05/2006,8.7
15/05/2006,8.6
16/05/2006,6.9
17/05/2006,6.7
18/05/2006,1.4
19/05/2006,2.2
20/05/2006,7.6
21/05/2006,15.6
22/05/2006,2.4
23/05/2006,3.9
24/05/2006,1.8
25/05/2006,3
26/05/2006,2.3
27/05/2006,1.7
28/05/2006,0.1
29/05/2006,0.2
30/05/2006,0
31/05/2006,0.9
01/06/2006,0
02/06/2006,0
03/06/2006,0
04/06/2006,0
05/06/2006,0
06/06/2006,0
07/06/2006,0
08/06/2006,0
09/06/2006,0.1
10/06/2006,0.3
11/06/2006,3.7
12/06/2006,0.4
13/06/2006,0
14/06/2006,0
15/06/2006,0
16/06/2006,0.1
17/06/2006,1.2
18/06/2006,2
19/06/2006,0
20/06/2006,6.9
21/06/2006,4.7
22/06/2006,0
23/06/2006,0.1
24/06/2006,0
25/06/2006,0
26/06/2006,0.2
27/06/2006,0
28/06/2006,0
29/06/2006,0.9
30/06/2006,3.1
01/07/2006,1.1
02/07/2006,17.8
03/07/2006,0.3
04/07/2006,0.2
05/07/2006,1.1
06/07/2006,2.9
07/07/2006,6.8
08/07/2006,4.7
09/07/2006,3.4
10/07/2006,1.1
11/07/2006,0.1
12/07/2006,0.3
13/07/2006,0
14/07/2006,0
15/07/2006,0
16/07/2006,0
17/07/2006,0
18/07/2006,0
19/07/2006,0
20/07/2006,0
21/07/2006,0
22/07/2006,0
23/07/2006,0
24/07/2006,0
25/07/2006,0
26/07/2006,0
27/07/2006,0
28/07/2006,0
29/07/2006,2.1
30/07/2006,0.3
31/07/2006,3.9
01/08/2006,7
02/08/2006,11.5
03/08/2006,0
04/08/2006,0.2
05/08/2006,0
06/08/2006,0.4
07/08/2006,0
08/08/2006,0.4
09/08/2006,0.1
10/08/2006,0.5
11/08/2006,0
12/08/2006,0
13/08/2006,0
14/08/2006,0
15/08/2006,0
16/08/2006,0.1
17/08/2006,10.6
18/08/2006,24.6
19/08/2006,0.2
20/08/2006,3.2
21/08/2006,1.3
22/08/2006,1.2
23/08/2006,0
24/08/2006,0
25/08/2006,2.4
26/08/2006,1
27/08/2006,1.2
28/08/2006,1.7
29/08/2006,0
30/08/2006,6.5
31/08/2006,1.4
01/09/2006,0.7
02/09/2006,16
03/09/2006,0.8
04/09/2006,2.8
05/09/2006,11.4
06/09/2006,0.1
07/09/2006,0
08/09/2006,0
09/09/2006,0
10/09/2006,0
11/09/2006,2.2
12/09/2006,0.1
13/09/2006,4.9
14/09/2006,24
15/09/2006,0.1
16/09/2006,0.1
17/09/2006,0.1
18/09/2006,4.6
19/09/2006,4.1
20/09/2006,1.1
21/09/2006,0
22/09/2006,0.6
23/09/2006,6.2
24/09/2006,13
25/09/2006,5.5
26/09/2006,0.9
27/09/2006,1.8
28/09/2006,1.7
29/09/2006,2.3
30/09/2006,1.4
01/10/2006,0.8
02/10/2006,4.9
03/10/2006,0.8
04/10/2006,0.1
05/10/2006,1.1
06/10/2006,0.5
07/10/2006,1.1
08/10/2006,3.8
09/10/2006,0
10/10/2006,0.1
11/10/2006,7.1
12/10/2006,0.1
13/10/2006,0
14/10/2006,0
15/10/2006,0
16/10/2006,0.3
17/10/2006,2.1
18/10/2006,0.1
19/10/2006,5.7
20/10/2006,8.3
21/10/2006,3.3
22/10/2006,3.6
23/10/2006,1.2
24/10/2006,0.8
25/10/2006,26.4
26/10/2006,1.6
27/10/2006,3
28/10/2006,0.8
29/10/2006,2.6
30/10/2006,11.3
31/10/2006,0.2
01/11/2006,0
02/11/2006,0
03/11/2006,0
04/11/2006,0
05/11/2006,0
06/11/2006,0
07/11/2006,4.9
08/11/2006,0.1
09/11/2006,0
10/11/2006,15.8
11/11/2006,2.7
12/11/2006,3.4
13/11/2006,3.5
14/11/2006,4.3
15/11/2006,24.6
16/11/2006,1.2
17/11/2006,2.8
18/11/2006,2.6
19/11/2006,16.1
20/11/2006,5.2
21/11/2006,0.1
22/11/2006,1.8
23/11/2006,7
24/11/2006,2.7
25/11/2006,5.6
26/11/2006,0.5
27/11/2006,3.3
28/11/2006,0.7
29/11/2006,0.2
30/11/2006,3.3
01/12/2006,1.8
02/12/2006,5.1
03/12/2006,11.4
04/12/2006,9.4
05/12/2006,0
06/12/2006,10.1
07/12/2006,1.6
08/12/2006,0.1
09/12/2006,0.6
10/12/2006,16.3
11/12/2006,9.7
12/12/2006,10
13/12/2006,23.1
14/12/2006,11.1
15/12/2006,0.3
16/12/2006,0.9
17/12/2006,0
18/12/2006,0.1
19/12/2006,0
20/12/2006,0
21/12/2006,0
22/12/2006,0.1
23/12/2006,0
24/12/2006,0
25/12/2006,0.2
26/12/2006,0
27/12/2006,0.6
28/12/2006,0.2
29/12/2006,5.2
30/12/2006,0.9
31/12/2006,17.3
01/01/2007,14.1
02/01/2007,2.2
03/01/2007,6.6
04/01/2007,2.6
05/01/2007,0.4
06/01/2007,8.4
07/01/2007,13.6
08/01/2007,6.3
09/01/2007,3.3
10/01/2007,18.8
11/01/2007,13.8
12/01/2007,6.9
13/01/2007,11.4
14/01/2007,0.5
15/01/2007,1.4
16/01/2007,2
17/01/2007,6.4
18/01/2007,9.5
19/01/2007,12.4
20/01/2007,5.7
21/01/2007,3.5
22/01/2007,0
23/01/2007,0.4
24/01/2007,0
25/01/2007,0
26/01/2007,0
27/01/2007,0
28/01/2007,0
29/01/2007,0
30/01/2007,1.3
31/01/2007,0
01/02/2007,0
02/02/2007,0.1
03/02/2007,0
04/02/2007,0
05/02/2007,0
06/02/2007,0.1
07/02/2007,0.1
08/02/2007,0.2
09/02/2007,1.6
10/02/2007,7.1
11/02/2007,2.3
12/02/2007,0.6
13/02/2007,3.2
14/02/2007,0.1
15/02/2007,1.3
16/02/2007,0
17/02/2007,0
18/02/2007,0.1
19/02/2007,2.8
20/02/2007,2.2
21/02/2007,3.5
22/02/2007,1.6
23/02/2007,0.5
24/02/2007,1.5
25/02/2007,3.4
26/02/2007,9.6
27/02/2007,17.5
28/02/2007,1.9
01/03/2007,0.1
02/03/2007,8.5
03/03/2007,1.2
04/03/2007,3.1
05/03/2007,4.1
06/03/2007,0
07/03/2007,0.1
08/03/2007,1
09/03/2007,1.3
10/03/2007,0.2
11/03/2007,21
12/03/2007,0.1
13/03/2007,1.3
14/03/2007,0
15/03/2007,0.7
16/03/2007,1.3
17/03/2007,6.3
18/03/2007,0.6
19/03/2007,0.1
20/03/2007,0
21/03/2007,0.9
22/03/2007,0.1
23/03/2007,0.1
24/03/2007,0.2
25/03/2007,0
26/03/2007,0.1
27/03/2007,0.1
28/03/2007,11.9
29/03/2007,1
30/03/2007,0.1
31/03/2007,0
01/04/2007,0.1
02/04/2007,0
03/04/2007,0
04/04/2007,0
05/04/2007,0
06/04/2007,0
07/04/2007,0
08/04/2007,0.1
09/04/2007,0.2
10/04/2007,0
11/04/2007,0
12/04/2007,0
13/04/2007,0
14/04/2007,0
15/04/2007,0
16/04/2007,0.1
17/04/2007,0.2
18/04/2007,0.4
19/04/2007,0.2
20/04/2007,0
21/04/2007,1
22/04/2007,0.1
23/04/2007,1.8
24/04/2007,4
25/04/2007,1.2
26/04/2007,0
27/04/2007,0
28/04/2007,0
29/04/2007,0
30/04/2007,0
01/05/2007,0
02/05/2007,0.1
03/05/2007,0
04/05/2007,0
05/05/2007,4.8
06/05/2007,3.3
07/05/2007,3.8
08/05/2007,0.5
09/05/2007,13.3
10/05/2007,4.9
11/05/2007,6.3
12/05/2007,3.2
13/05/2007,1.9
14/05/2007,1.1
15/05/2007,0.9
16/05/2007,2.3
17/05/2007,4.2
18/05/2007,7.1
19/05/2007,0.4
20/05/2007,0.3
21/05/2007,0.2
22/05/2007,0
23/05/2007,0
24/05/2007,0.4
25/05/2007,0.4
26/05/2007,8.9
27/05/2007,1.4
28/05/2007,0.1
29/05/2007,7.2
30/05/2007,1.1
31/05/2007,5.5
01/06/2007,0.1
02/06/2007,0.1
03/06/2007,1.8
04/06/2007,0
05/06/2007,0
06/06/2007,0
07/06/2007,1.4
08/06/2007,0
09/06/2007,0
10/06/2007,0.1
11/06/2007,0.1
12/06/2007,19.1
13/06/2007,0
14/06/2007,1.7
15/06/2007,12.2
16/06/2007,7.7
17/06/2007,0.1
18/06/2007,0.6
19/06/2007,16.6
20/06/2007,1.3
21/06/2007,0.6
22/06/2007,2.3
23/06/2007,15.1
24/06/2007,18.5
25/06/2007,0.4
26/06/2007,3.9
27/06/2007,2.5
28/06/2007,4.2
29/06/2007,1.2
30/06/2007,7
01/07/2007,12.5
02/07/2007,8.7
03/07/2007,0.5
04/07/2007,4.8
05/07/2007,12.7
06/07/2007,8.1
07/07/2007,2.6
08/07/2007,0
09/07/2007,0
10/07/2007,0
11/07/2007,1.4
12/07/2007,0
13/07/2007,16.3
14/07/2007,0.2
15/07/2007,15.5
16/07/2007,1.7
17/07/2007,4.9
18/07/2007,0.6
19/07/2007,1
20/07/2007,0.4
21/07/2007,16.3
22/07/2007,0.1
23/07/2007,1.7
24/07/2007,0.9
25/07/2007,12
26/07/2007,4.8
27/07/2007,0
28/07/2007,0.1
29/07/2007,0.1
30/07/2007,0
31/07/2007,0.6
01/08/2007,1.1
02/08/2007,0
03/08/2007,2
04/08/2007,3
05/08/2007,8.8
06/08/2007,1
07/08/2007,0.1
08/08/2007,0
09/08/2007,0
10/08/2007,1.6
11/08/2007,11.8
12/08/2007,6
13/08/2007,1.8
14/08/2007,9.4
15/08/2007,0.2
16/08/2007,0.4
17/08/2007,3.3
18/08/2007,38.6
19/08/2007,0.1
20/08/2007,0.1
21/08/2007,0.9
22/08/2007,0
23/08/2007,0.1
24/08/2007,0
25/08/2007,0
26/08/2007,0
27/08/2007,0.1
28/08/2007,0.5
29/08/2007,0
30/08/2007,0.1
31/08/2007,0
01/09/2007,1.6
02/09/2007,0
03/09/2007,0
04/09/2007,0.1
05/09/2007,0
06/09/2007,0
07/09/2007,0
08/09/2007,0
09/09/2007,0.1
10/09/2007,0
11/09/2007,0
12/09/2007,0
13/09/2007,1.3
14/09/2007,0
15/09/2007,7.3
16/09/2007,20.1
17/09/2007,0.6
18/09/2007,2.2
19/09/2007,0.2
20/09/2007,2.2
21/09/2007,1.1
22/09/2007,0.3
23/09/2007,13.4
24/09/2007,3.1
25/09/2007,0.2
26/09/2007,0
27/09/2007,2.4
28/09/2007,1.8
29/09/2007,0
30/09/2007,0
01/10/2007,0
02/10/2007,0.3
03/10/2007,10.4
04/10/2007,0
05/10/2007,0
06/10/2007,0
07/10/2007,0
08/10/2007,9.9
09/10/2007,3.4
10/10/2007,0.2
11/10/2007,0
12/10/2007,0
13/10/2007,0.3
14/10/2007,0
15/10/2007,3.7
16/10/2007,0.3
17/10/2007,0
18/10/2007,0
19/10/2007,0
20/10/2007,0
21/10/2007,0
22/10/2007,0
23/10/2007,0.1
24/10/2007,0
25/10/2007,0
26/10/2007,0.7
27/10/2007,15.9
28/10/2007,6
29/10/2007,0.6
30/10/2007,0.6
31/10/2007,1
01/11/2007,0.2
02/11/2007,0.2
03/11/2007,0
04/11/2007,0.3
05/11/2007,0.1
06/11/2007,0
07/11/2007,3.4
08/11/2007,0
09/11/2007,0
10/11/2007,1.1
11/11/2007,0
12/11/2007,2.6
13/11/2007,0.1
14/11/2007,0.1
15/11/2007,0
16/11/2007,0
17/11/2007,12.9
18/11/2007,4.6
19/11/2007,6.9
20/11/2007,16.2
21/11/2007,21
22/11/2007,0.1
23/11/2007,4.3
24/11/2007,0.2
25/11/2007,0
26/11/2007,0.5
27/11/2007,0.6
28/11/2007,5.5
29/11/2007,3.8
30/11/2007,7.4
01/12/2007,5.5
02/12/2007,0.1
03/12/2007,1.3
04/12/2007,3.9
05/12/2007,5.6
06/12/2007,0.4
07/12/2007,0.1
08/12/2007,12.9
09/12/2007,1.2
10/12/2007,0.2
11/12/2007,0
12/12/2007,0
13/12/2007,0
14/12/2007,0
15/12/2007,0
16/12/2007,0
17/12/2007,0
18/12/2007,0
19/12/2007,0
20/12/2007,0
21/12/2007,0
22/12/2007,1.7
23/12/2007,7.3
24/12/2007,0
25/12/2007,3.2
26/12/2007,6.2
27/12/2007,10.4
28/12/2007,10.2
29/12/2007,0.7
30/12/2007,1.4
31/12/2007,5.6
01/01/2008,11
02/01/2008,0.1
03/01/2008,7.4
04/01/2008,4.5
05/01/2008,7.2
06/01/2008,13
07/01/2008,3.5
08/01/2008,25.7
09/01/2008,5.4
10/01/2008,13.1
11/01/2008,0
12/01/2008,5.6
13/01/2008,5.5
14/01/2008,7.7
15/01/2008,2.7
16/01/2008,0.4
17/01/2008,3.2
18/01/2008,5.3
19/01/2008,0.2
20/01/2008,2
21/01/2008,10.3
22/01/2008,3
23/01/2008,10.7
24/01/2008,13.1
25/01/2008,18.6
26/01/2008,2.6
27/01/2008,0
28/01/2008,9.2
29/01/2008,10.1
30/01/2008,13.8
31/01/2008,7.7
01/02/2008,0.2
02/02/2008,4.3
03/02/2008,0.5
04/02/2008,1.6
05/02/2008,4.3
06/02/2008,0.3
07/02/2008,0
08/02/2008,0.2
09/02/2008,0
10/02/2008,0.2
11/02/2008,0.2
12/02/2008,0
13/02/2008,0.1
14/02/2008,0
15/02/2008,0
16/02/2008,0
17/02/2008,0
18/02/2008,0.1
19/02/2008,0.2
20/02/2008,1.1
21/02/2008,5.6
22/02/2008,11.5
23/02/2008,1.6
24/02/2008,0.8
25/02/2008,10.2
26/02/2008,2.6
27/02/2008,0.2
28/02/2008,1.7
29/02/2008,18.5
01/03/2008,3.4
02/03/2008,3
03/03/2008,1.1
04/03/2008,0.2
05/03/2008,1.2
06/03/2008,2.9
07/03/2008,5.6
08/03/2008,11.7
09/03/2008,3.6
10/03/2008,9.6
11/03/2008,4.8
12/03/2008,4.3
13/03/2008,2.3
14/03/2008,0.6
15/03/2008,1.1
16/03/2008,1.3
17/03/2008,0
18/03/2008,0
19/03/2008,0.4
20/03/2008,0.2
21/03/2008,0.4
22/03/2008,1.1
23/03/2008,0.3
24/03/2008,0
25/03/2008,0
26/03/2008,3.8
27/03/2008,5.2
28/03/2008,1.3
29/03/2008,6.9
30/03/2008,1.6
31/03/2008,7.4
01/04/2008,3.9
02/04/2008,0.1
03/04/2008,0.1
04/04/2008,2.4
05/04/2008,0.8
06/04/2008,3.2
07/04/2008,4.4
08/04/2008,3
09/04/2008,2.4
10/04/2008,2
11/04/2008,8.3
12/04/2008,1.5
13/04/2008,3.3
14/04/2008,1.8
15/04/2008,0.3
16/04/2008,0
17/04/2008,4.5
18/04/2008,1.3
19/04/2008,0
20/04/2008,0
21/04/2008,0
22/04/2008,0
23/04/2008,2.8
24/04/2008,0.2
25/04/2008,2
26/04/2008,0
27/04/2008,0.2
28/04/2008,3.2
29/04/2008,5
30/04/2008,7.5
01/05/2008,0.5
02/05/2008,0.8
03/05/2008,0.3
04/05/2008,0
05/05/2008,0
06/05/2008,0.1
07/05/2008,0
08/05/2008,0
09/05/2008,1.4
10/05/2008,8.6
11/05/2008,0.4
12/05/2008,0
13/05/2008,0
14/05/2008,0
15/05/2008,0
16/05/2008,3
17/05/2008,0.2
18/05/2008,0
19/05/2008,0
20/05/2008,0
21/05/2008,0
22/05/2008,0
23/05/2008,0
24/05/2008,0
25/05/2008,0
26/05/2008,0
27/05/2008,2.6
28/05/2008,7.5
29/05/2008,0.4
30/05/2008,1.6
31/05/2008,0
01/06/2008,13.5
02/06/2008,3
03/06/2008,0.2
04/06/2008,0
05/06/2008,1.2
06/06/2008,0
07/06/2008,0
08/06/2008,0
09/06/2008,0
10/06/2008,0
11/06/2008,11.5
12/06/2008,0
13/06/2008,0.1
14/06/2008,3.5
15/06/2008,1.1
16/06/2008,0.5
17/06/2008,5.4
18/06/2008,1.6
19/06/2008,0.1
20/06/2008,0
21/06/2008,18.1
22/06/2008,7.9
23/06/2008,0
24/06/2008,7.2
25/06/2008,2.1
26/06/2008,2.3
27/06/2008,4
28/06/2008,1.1
29/06/2008,1.2
30/06/2008,0.2
01/07/2008,2.2
02/07/2008,0.1
03/07/2008,4.7
04/07/2008,0
05/07/2008,10.5
06/07/2008,4.6
07/07/2008,0.7
08/07/2008,2.1
09/07/2008,25.5
10/07/2008,1
11/07/2008,0.8
12/07/2008,0.4
13/07/2008,0
14/07/2008,0.7
15/07/2008,0.7
16/07/2008,3.8
17/07/2008,4.7
18/07/2008,2.5
19/07/2008,3.4
20/07/2008,0.1
21/07/2008,0
22/07/2008,0.1
23/07/2008,0
24/07/2008,0
25/07/2008,0
26/07/2008,0
27/07/2008,0.1
28/07/2008,2.9
29/07/2008,6.9
30/07/2008,0.1
31/07/2008,18.8
01/08/2008,0.8
02/08/2008,8.6
03/08/2008,4.4
04/08/2008,0.1
05/08/2008,12.1
06/08/2008,40.8
07/08/2008,3
08/08/2008,1.3
09/08/2008,26.4
10/08/2008,6.8
11/08/2008,1.6
12/08/2008,18.9
13/08/2008,2.9
14/08/2008,5.9
15/08/2008,1.1
16/08/2008,0.2
17/08/2008,0.1
18/08/2008,13.4
19/08/2008,31.2
20/08/2008,3.1
21/08/2008,16.6
22/08/2008,0.3
23/08/2008,0.9
24/08/2008,0.2
25/08/2008,1.1
26/08/2008,2.6
27/08/2008,0.6
28/08/2008,0
29/08/2008,0
30/08/2008,0.2
31/08/2008,5.5
01/09/2008,3.4
02/09/2008,1.5
03/09/2008,2.3
04/09/2008,0.2
05/09/2008,16.5
06/09/2008,3.2
07/09/2008,4.9
08/09/2008,0
09/09/2008,3.1
10/09/2008,3.7
11/09/2008,0.1
12/09/2008,5.4
13/09/2008,0.2
14/09/2008,0.7
15/09/2008,12.2
16/09/2008,2.2
17/09/2008,0
18/09/2008,3.1
19/09/2008,0.1
20/09/2008,0
21/09/2008,1.2
22/09/2008,0.1
23/09/2008,0.6
24/09/2008,0.1
25/09/2008,0
26/09/2008,0
27/09/2008,1.3
28/09/2008,0.1
29/09/2008,4.8
30/09/2008,3.2
01/10/2008,6.4
02/10/2008,1.8
03/10/2008,4
04/10/2008,5.2
05/10/2008,0
06/10/2008,2.1
07/10/2008,6.8
08/10/2008,0.1
09/10/2008,15.1
10/10/2008,9.6
11/10/2008,0
12/10/2008,0
13/10/2008,0.4
14/10/2008,0.1
15/10/2008,1.3
16/10/2008,0.6
17/10/2008,2
18/10/2008,0.3
19/10/2008,11.1
20/10/2008,3.6
21/10/2008,7.5
22/10/2008,1.5
23/10/2008,7.7
24/10/2008,3.5
25/10/2008,32.3
26/10/2008,3.1
27/10/2008,0
28/10/2008,0
29/10/2008,2.6
30/10/2008,2
31/10/2008,6.6
01/11/2008,0
02/11/2008,0.2
03/11/2008,0.2
04/11/2008,0
05/11/2008,1.5
06/11/2008,2.3
07/11/2008,3.3
08/11/2008,4.3
09/11/2008,1.3
10/11/2008,3.2
11/11/2008,0
12/11/2008,0.8
13/11/2008,2.5
14/11/2008,1.8
15/11/2008,0
16/11/2008,0.9
17/11/2008,1
18/11/2008,0
19/11/2008,0.1
20/11/2008,0
21/11/2008,1
22/11/2008,2.7
23/11/2008,4.9
24/11/2008,0
25/11/2008,0
26/11/2008,2.9
27/11/2008,5.9
28/11/2008,0
29/11/2008,0
30/11/2008,0.1
01/12/2008,2.4
02/12/2008,1.7
03/12/2008,1.7
04/12/2008,0.8
05/12/2008,6.2
06/12/2008,0.1
07/12/2008,1.1
08/12/2008,0
09/12/2008,0.1
10/12/2008,0
11/12/2008,0.2
12/12/2008,5.2
13/12/2008,8.6
14/12/2008,0
15/12/2008,0.4
16/12/2008,5.9
17/12/2008,5.5
18/12/2008,5.9
19/12/2008,18
20/12/2008,1.7
21/12/2008,0.5
22/12/2008,0.1
23/12/2008,0.1
24/12/2008,0.1
25/12/2008,0
26/12/2008,0
27/12/2008,0
28/12/2008,0.2
29/12/2008,0
30/12/2008,0.1
31/12/2008,0
01/01/2009,3.7
02/01/2009,0
03/01/2009,0
04/01/2009,5.6
05/01/2009,0
06/01/2009,3.1
07/01/2009,0.3
08/01/2009,0
09/01/2009,0
10/01/2009,7.2
11/01/2009,11.9
12/01/2009,0.3
13/01/2009,0.1
14/01/2009,7.6
15/01/2009,0.5
16/01/2009,5.5
17/01/2009,5.4
18/01/2009,3.9
19/01/2009,8.2
20/01/2009,0.1
21/01/2009,4.3
22/01/2009,0.2
23/01/2009,0.9
24/01/2009,0.6
25/01/2009,0.4
26/01/2009,0.1
27/01/2009,0.7
28/01/2009,0
29/01/2009,0.4
30/01/2009,0.3
31/01/2009,0
01/02/2009,1.3
02/02/2009,12.9
03/02/2009,3
04/02/2009,0.2
05/02/2009,0.2
06/02/2009,0.4
07/02/2009,0.6
08/02/2009,2.9
09/02/2009,0
10/02/2009,0.1
11/02/2009,0.4
12/02/2009,0.8
13/02/2009,0.2
14/02/2009,0
15/02/2009,0.2
16/02/2009,0
17/02/2009,0
18/02/2009,0
19/02/2009,0
20/02/2009,2.2
21/02/2009,0.3
22/02/2009,0.1
23/02/2009,0
24/02/2009,0.4
25/02/2009,0.3
26/02/2009,1
27/02/2009,0
28/02/2009,1.2
01/03/2009,1.1
02/03/2009,2.7
03/03/2009,7.1
04/03/2009,1.1
05/03/2009,0.8
06/03/2009,0.3
07/03/2009,17.4
08/03/2009,8.1
09/03/2009,1
10/03/2009,0
11/03/2009,3.5
12/03/2009,0.6
13/03/2009,0.6
14/03/2009,0
15/03/2009,0.6
16/03/2009,0.6
17/03/2009,0
18/03/2009,0.1
19/03/2009,0.1
20/03/2009,0
21/03/2009,0
22/03/2009,1.4
23/03/2009,0
24/03/2009,1.5
25/03/2009,5.7
26/03/2009,3.9
27/03/2009,1.8
28/03/2009,0
29/03/2009,0.2
30/03/2009,0
31/03/2009,0
01/04/2009,0
02/04/2009,0.1
03/04/2009,3.1
04/04/2009,1.5
05/04/2009,0
06/04/2009,0.2
07/04/2009,2.9
08/04/2009,2.3
09/04/2009,1.6
10/04/2009,0
11/04/2009,0
12/04/2009,0.1
13/04/2009,0
14/04/2009,0
15/04/2009,0.7
16/04/2009,0.3
17/04/2009,0
18/04/2009,0.1
19/04/2009,0
20/04/2009,0
21/04/2009,0.2
22/04/2009,0
23/04/2009,0.7
24/04/2009,0
25/04/2009,0
26/04/2009,3.8
27/04/2009,6.7
28/04/2009,1.4
29/04/2009,0
30/04/2009,0.3
01/05/2009,2.2
02/05/2009,0.8
03/05/2009,0.6
04/05/2009,0.8
05/05/2009,5
06/05/2009,7
07/05/2009,11.8
08/05/2009,6.5
09/05/2009,5.1
10/05/2009,0.3
11/05/2009,0
12/05/2009,0
13/05/2009,0
14/05/2009,0
15/05/2009,8.6
16/05/2009,1.2
17/05/2009,3.9
18/05/2009,8.4
19/05/2009,0.8
20/05/2009,3.5
21/05/2009,1.2
22/05/2009,0
23/05/2009,0.5
24/05/2009,0
25/05/2009,6
26/05/2009,0.8
27/05/2009,0
28/05/2009,0
29/05/2009,0.1
30/05/2009,0
31/05/2009,0
01/06/2009,0
02/06/2009,0
03/06/2009,0
04/06/2009,3.3
05/06/2009,3.5
06/06/2009,1.9
07/06/2009,0.4
08/06/2009,0
09/06/2009,0.2
10/06/2009,0.3
11/06/2009,1.7
12/06/2009,0
13/06/2009,5
14/06/2009,16.4
15/06/2009,10.9
16/06/2009,5.2
17/06/2009,2.6
18/06/2009,1.4
19/06/2009,0.7
20/06/2009,1.8
21/06/2009,0.2
22/06/2009,0.5
23/06/2009,0.2
24/06/2009,0
25/06/2009,0
26/06/2009,0.5
27/06/2009,0.9
28/06/2009,0.2
29/06/2009,0.2
30/06/2009,0.4
01/07/2009,3.1
02/07/2009,0
03/07/2009,7.7
04/07/2009,0
05/07/2009,1.3
06/07/2009,13.1
07/07/2009,0.1
08/07/2009,0.5
09/07/2009,0
10/07/2009,0
11/07/2009,7.2
12/07/2009,0.4
13/07/2009,4.4
14/07/2009,3.1
15/07/2009,5.3
16/07/2009,15.1
17/07/2009,13.5
18/07/2009,5.4
19/07/2009,1.2
20/07/2009,0.6
21/07/2009,11.5
22/07/2009,15.6
23/07/2009,13.3
24/07/2009,2.2
25/07/2009,3.9
26/07/2009,1.1
27/07/2009,0.6
28/07/2009,6.6
29/07/2009,0.1
30/07/2009,1.1
31/07/2009,5
01/08/2009,1.4
02/08/2009,0
03/08/2009,1.1
04/08/2009,0.7
05/08/2009,0
06/08/2009,0
07/08/2009,0
08/08/2009,0.4
09/08/2009,13.3
10/08/2009,0.6
11/08/2009,1.5
12/08/2009,0.9
13/08/2009,0.3
14/08/2009,24.4
15/08/2009,2.3
16/08/2009,10.5
17/08/2009,1.9
18/08/2009,0.7
19/08/2009,11.4
20/08/2009,15
21/08/2009,2.6
22/08/2009,4.3
23/08/2009,6
24/08/2009,0.2
25/08/2009,4.7
26/08/2009,2.2
27/08/2009,4.6
28/08/2009,0.3
29/08/2009,0.3
30/08/2009,3.8
31/08/2009,9.1
01/09/2009,2
02/09/2009,22.7
03/09/2009,22.7
04/09/2009,1.5
05/09/2009,0.3
06/09/2009,2.3
07/09/2009,1.6
08/09/2009,6.5
09/09/2009,0.1
10/09/2009,0
11/09/2009,0
12/09/2009,0
13/09/2009,0.1
14/09/2009,0
15/09/2009,0.1
16/09/2009,0
17/09/2009,0
18/09/2009,0
19/09/2009,0.6
20/09/2009,0.1
21/09/2009,2
22/09/2009,0.6
23/09/2009,0.7
24/09/2009,0.7
25/09/2009,0
26/09/2009,0
27/09/2009,0
28/09/2009,0.2
29/09/2009,5.3
30/09/2009,0
01/10/2009,3.1
02/10/2009,8.4
03/10/2009,0.2
04/10/2009,0.9
05/10/2009,0.2
06/10/2009,0.1
07/10/2009,0.5
08/10/2009,0
09/10/2009,2.2
10/10/2009,0.3
11/10/2009,0
12/10/2009,0
13/10/2009,5.5
14/10/2009,0.1
15/10/2009,0.1
16/10/2009,0
17/10/2009,0
18/10/2009,4.8
19/10/2009,0
20/10/2009,2.1
21/10/2009,0
22/10/2009,0.1
23/10/2009,1.2
24/10/2009,9.4
25/10/2009,3.3
26/10/2009,1.8
27/10/2009,7.1
28/10/2009,0.1
29/10/2009,2.6
30/10/2009,2.3
31/10/2009,7.3
01/11/2009,30
02/11/2009,7
03/11/2009,1.8
04/11/2009,0.1
05/11/2009,0.7
06/11/2009,2.4
07/11/2009,0.4
08/11/2009,0
09/11/2009,6
10/11/2009,0.4
11/11/2009,1.2
12/11/2009,3
13/11/2009,17.2
14/11/2009,4.1
15/11/2009,0
16/11/2009,5.5
17/11/2009,5.4
18/11/2009,19.1
19/11/2009,20.6
20/11/2009,0.7
21/11/2009,8.2
22/11/2009,8
23/11/2009,3.5
24/11/2009,15.2
25/11/2009,12.7
26/11/2009,1.4
27/11/2009,0.3
28/11/2009,10.1
29/11/2009,1.4
30/11/2009,0
01/12/2009,1.7
02/12/2009,4
03/12/2009,2.7
04/12/2009,4.7
05/12/2009,2.5
06/12/2009,1.6
07/12/2009,1.5
08/12/2009,0.7
09/12/2009,3.2
10/12/2009,0.1
11/12/2009,0.4
12/12/2009,0
13/12/2009,0.5
14/12/2009,3
15/12/2009,1
16/12/2009,3.8
17/12/2009,7
18/12/2009,0
19/12/2009,1.7
20/12/2009,8.5
21/12/2009,2.6
22/12/2009,5.1
23/12/2009,1.3
24/12/2009,0.8
25/12/2009,1.7
26/12/2009,8.4
27/12/2009,7.3
28/12/2009,0
29/12/2009,7.6
30/12/2009,2
31/12/2009,1.8
01/01/2010,1.1
02/01/2010,7.5
03/01/2010,0.2
04/01/2010,0.4
05/01/2010,4.7
06/01/2010,0.2
07/01/2010,0.3
08/01/2010,0.1
09/01/2010,0.4
10/01/2010,0.2
11/01/2010,0.5
12/01/2010,1
13/01/2010,1.9
14/01/2010,1.9
15/01/2010,9
16/01/2010,0.5
17/01/2010,4.2
18/01/2010,0
19/01/2010,0.8
20/01/2010,0.1
21/01/2010,5.1
22/01/2010,0.7
23/01/2010,11.4
24/01/2010,1.9
25/01/2010,0.1
26/01/2010,0.4
27/01/2010,0.2
28/01/2010,1.1
29/01/2010,0
30/01/2010,0
31/01/2010,0
01/02/2010,3.6
02/02/2010,2.7
03/02/2010,1.3
04/02/2010,0
05/02/2010,10.8
06/02/2010,3.9
07/02/2010,3.3
08/02/2010,1.7
09/02/2010,0
10/02/2010,0
11/02/2010,0.2
12/02/2010,0.6
13/02/2010,0.2
14/02/2010,0.9
15/02/2010,2.3
16/02/2010,0
17/02/2010,0.1
18/02/2010,0
19/02/2010,0.1
20/02/2010,0.3
21/02/2010,0.1
22/02/2010,0
23/02/2010,2.5
24/02/2010,17.4
25/02/2010,18.4
26/02/2010,19.6
27/02/2010,1.9
28/02/2010,3.3
01/03/2010,0
02/03/2010,0
03/03/2010,0
04/03/2010,0
05/03/2010,0
06/03/2010,0
07/03/2010,0
08/03/2010,0.1
09/03/2010,0
10/03/2010,0
11/03/2010,0
12/03/2010,0
13/03/2010,0
14/03/2010,0
15/03/2010,0
16/03/2010,0.4
17/03/2010,0
18/03/2010,0.8
19/03/2010,0
20/03/2010,0
21/03/2010,1.7
22/03/2010,2.4
23/03/2010,0.2
24/03/2010,1.7
25/03/2010,14.7
26/03/2010,5.8
27/03/2010,0.1
28/03/2010,7.2
29/03/2010,22.5
30/03/2010,18.2
31/03/2010,8.1
01/04/2010,1.6
02/04/2010,4.2
03/04/2010,4.3
04/04/2010,8.1
05/04/2010,2.4
06/04/2010,2.7
07/04/2010,0.7
08/04/2010,0.3
09/04/2010,0
10/04/2010,0
11/04/2010,0
12/04/2010,0
13/04/2010,0
14/04/2010,0
15/04/2010,0
16/04/2010,0
17/04/2010,2
18/04/2010,1.1
19/04/2010,0.5
20/04/2010,0.1
21/04/2010,0
22/04/2010,0
23/04/2010,3.8
24/04/2010,2.7
25/04/2010,1.6
26/04/2010,0
27/04/2010,3.7
28/04/2010,0.6
29/04/2010,0.1
30/04/2010,1.2
01/05/2010,0
02/05/2010,0.1
03/05/2010,0
04/05/2010,1.2
05/05/2010,4.9
06/05/2010,1.5
07/05/2010,0
08/05/2010,0
09/05/2010,0.1
10/05/2010,0.3
11/05/2010,7.4
12/05/2010,0.1
13/05/2010,7.8
14/05/2010,1.1
15/05/2010,1.1
16/05/2010,0
17/05/2010,0
18/05/2010,0.3
19/05/2010,0.2
20/05/2010,0
21/05/2010,0
22/05/2010,0
23/05/2010,0
24/05/2010,0.6
25/05/2010,3.4
26/05/2010,0.2
27/05/2010,2.6
28/05/2010,0.2
29/05/2010,6.9
30/05/2010,0.9
31/05/2010,3.4
01/06/2010,1
02/06/2010,0
03/06/2010,0
04/06/2010,0
05/06/2010,11.6
06/06/2010,3.6
07/06/2010,7
08/06/2010,8.1
09/06/2010,0.4
10/06/2010,0
11/06/2010,0
12/06/2010,0.3
13/06/2010,0.9
14/06/2010,0
15/06/2010,0
16/06/2010,0
17/06/2010,0
18/06/2010,0
19/06/2010,0
20/06/2010,0
21/06/2010,0
22/06/2010,0
23/06/2010,0.9
24/06/2010,0
25/06/2010,0
26/06/2010,0
27/06/2010,0
28/06/2010,1.9
29/06/2010,0.1
30/06/2010,4.4
01/07/2010,6.2
02/07/2010,0.7
03/07/2010,5
04/07/2010,8.6
05/07/2010,0.6
06/07/2010,4.4
07/07/2010,0
08/07/2010,0
09/07/2010,5.1
10/07/2010,6.1
11/07/2010,0
12/07/2010,0.5
13/07/2010,12
14/07/2010,17.7
15/07/2010,12.9
16/07/2010,0.6
17/07/2010,1
18/07/2010,1.8
19/07/2010,4.3
20/07/2010,12.5
21/07/2010,23.8
22/07/2010,0
23/07/2010,0
24/07/2010,0.3
25/07/2010,0.1
26/07/2010,0.5
27/07/2010,0.2
28/07/2010,0.2
29/07/2010,0
30/07/2010,0.7
31/07/2010,0.9
01/08/2010,13
02/08/2010,0.2
03/08/2010,0.1
04/08/2010,0.1
05/08/2010,0.1
06/08/2010,2.7
07/08/2010,0.3
08/08/2010,0.5
09/08/2010,4.4
10/08/2010,3.6
11/08/2010,2.8
12/08/2010,6.3
13/08/2010,0
14/08/2010,0
15/08/2010,0.1
16/08/2010,8.6
17/08/2010,0
18/08/2010,0.4
19/08/2010,3.7
20/08/2010,1.7
21/08/2010,4.5
22/08/2010,2.4
23/08/2010,9.1
24/08/2010,1.3
25/08/2010,0
26/08/2010,0
27/08/2010,0
28/08/2010,0.1
29/08/2010,0
30/08/2010,0
31/08/2010,0
01/09/2010,0.4
02/09/2010,0
03/09/2010,0
04/09/2010,0.1
05/09/2010,0
06/09/2010,6.9
07/09/2010,2.6
08/09/2010,0.1
09/09/2010,2
10/09/2010,9.3
11/09/2010,0.1
12/09/2010,2.6
13/09/2010,8.2
14/09/2010,3.5
15/09/2010,0.1
16/09/2010,0.1
17/09/2010,0
18/09/2010,8.2
19/09/2010,5.9
20/09/2010,0.3
21/09/2010,0.3
22/09/2010,24.8
23/09/2010,9.3
24/09/2010,0.1
25/09/2010,0
26/09/2010,0.7
27/09/2010,0.3
28/09/2010,14
29/09/2010,3.8
30/09/2010,0
01/10/2010,4.9
02/10/2010,0.8
03/10/2010,0.2
04/10/2010,0.3
05/10/2010,4.7
06/10/2010,0.9
07/10/2010,0
08/10/2010,0
09/10/2010,0
10/10/2010,0
11/10/2010,0
12/10/2010,0
13/10/2010,0
14/10/2010,0
15/10/2010,0.4
16/10/2010,0
17/10/2010,1.6
18/10/2010,5
19/10/2010,0.1
20/10/2010,1.5
21/10/2010,9.3
22/10/2010,22.6
23/10/2010,0.1
24/10/2010,0
25/10/2010,3.4
26/10/2010,2.7
27/10/2010,4.3
28/10/2010,2
29/10/2010,3.8
30/10/2010,0.1
31/10/2010,0
01/11/2010,12.8
02/11/2010,6
03/11/2010,5.1
04/11/2010,3.6
05/11/2010,6.2
06/11/2010,10.3
07/11/2010,2.8
08/11/2010,7
09/11/2010,2.7
10/11/2010,3.1
11/11/2010,11
12/11/2010,1.3
13/11/2010,8.8
14/11/2010,2
15/11/2010,0.3
16/11/2010,0.1
17/11/2010,0.2
18/11/2010,0.3
19/11/2010,0.2
20/11/2010,6.1
21/11/2010,9
22/11/2010,2.9
23/11/2010,0
24/11/2010,0
25/11/2010,0
26/11/2010,2.9
27/11/2010,7.8
28/11/2010,18.3
29/11/2010,8.3
30/11/2010,6.6
01/12/2010,3.7
02/12/2010,0.5
03/12/2010,1.4
04/12/2010,0.3
05/12/2010,1.6
06/12/2010,7.6
07/12/2010,0
08/12/2010,0
09/12/2010,0.6
10/12/2010,0.1
11/12/2010,0
12/12/2010,0
13/12/2010,0.2
14/12/2010,0.1
15/12/2010,6.1
16/12/2010,0.4
17/12/2010,0
18/12/2010,1.2
19/12/2010,4.9
20/12/2010,0.2
21/12/2010,0
22/12/2010,0.3
23/12/2010,0.1
24/12/2010,0
25/12/2010,0
26/12/2010,10.2
27/12/2010,8.5
28/12/2010,1.3
29/12/2010,0.4
30/12/2010,0.2
31/12/2010,1.7
01/01/2011,0
02/01/2011,0
03/01/2011,0.7
04/01/2011,6.1
05/01/2011,1
06/01/2011,0
07/01/2011,8.9
08/01/2011,3.1
09/01/2011,1.2
10/01/2011,18.1
11/01/2011,2.4
12/01/2011,7.1
13/01/2011,6
14/01/2011,3.2
15/01/2011,20.6
16/01/2011,0.1
17/01/2011,0
18/01/2011,0
19/01/2011,0
20/01/2011,0.1
21/01/2011,0.2
22/01/2011,0
23/01/2011,0
24/01/2011,0
25/01/2011,0.2
26/01/2011,2.4
27/01/2011,0
28/01/2011,0
29/01/2011,0.3
30/01/2011,0
31/01/2011,5
01/02/2011,4.3
02/02/2011,12.5
03/02/2011,14.7
04/02/2011,18.5
05/02/2011,0.5
06/02/2011,21.1
07/02/2011,9.4
08/02/2011,1.5
09/02/2011,7.6
10/02/2011,0.1
11/02/2011,9.8
12/02/2011,0.7
13/02/2011,1.6
14/02/2011,1.6
15/02/2011,1.3
16/02/2011,3.9
17/02/2011,4.2
18/02/2011,2.2
19/02/2011,0.9
20/02/2011,0
21/02/2011,0.2
22/02/2011,3.3
23/02/2011,0.5
24/02/2011,1
25/02/2011,0.6
26/02/2011,0.2
27/02/2011,0
28/02/2011,0
01/03/2011,0
02/03/2011,0
03/03/2011,0.1
04/03/2011,0.2
05/03/2011,0
06/03/2011,0
07/03/2011,0
08/03/2011,5.7
09/03/2011,10.5
10/03/2011,5.5
11/03/2011,5.9
12/03/2011,11.7
13/03/2011,15.3
14/03/2011,4.5
15/03/2011,9
16/03/2011,0.6
17/03/2011,0.7
18/03/2011,0.1
19/03/2011,0
20/03/2011,0
21/03/2011,0
22/03/2011,0
23/03/2011,0
24/03/2011,0
25/03/2011,0
26/03/2011,0
27/03/2011,0
28/03/2011,0
29/03/2011,1.9
30/03/2011,6.4
31/03/2011,1.7
01/04/2011,1.4
02/04/2011,0.2
03/04/2011,0
04/04/2011,10.9
05/04/2011,8.8
06/04/2011,3.1
07/04/2011,0
08/04/2011,0
09/04/2011,0
10/04/2011,0.1
11/04/2011,0.7
12/04/2011,0.5
13/04/2011,0
14/04/2011,0
15/04/2011,0.3
16/04/2011,0
17/04/2011,0
18/04/2011,0.2
19/04/2011,0
20/04/2011,0
21/04/2011,0.1
22/04/2011,1
23/04/2011,6.7
24/04/2011,0
25/04/2011,0
26/04/2011,0
27/04/2011,0
28/04/2011,0
29/04/2011,0.1
30/04/2011,0
01/05/2011,0
02/05/2011,0
03/05/2011,0
04/05/2011,0
05/05/2011,7.1
06/05/2011,11.5
07/05/2011,5.6
08/05/2011,1.4
09/05/2011,2.5
10/05/2011,2.5
11/05/2011,3.8
12/05/2011,1.9
13/05/2011,0.8
14/05/2011,0
15/05/2011,0.6
16/05/2011,2
17/05/2011,1.6
18/05/2011,0.8
19/05/2011,0.8
20/05/2011,0.1
21/05/2011,5
22/05/2011,10.2
23/05/2011,5.8
24/05/2011,1.6
25/05/2011,0.7
26/05/2011,0.8
27/05/2011,1.6
28/05/2011,1.9
29/05/2011,0.2
30/05/2011,0.3
31/05/2011,0
01/06/2011,0.3
02/06/2011,0
03/06/2011,0
04/06/2011,0
05/06/2011,1
06/06/2011,0.5
07/06/2011,2.3
08/06/2011,3.9
09/06/2011,0.4
10/06/2011,2.1
11/06/2011,5.7
12/06/2011,6
13/06/2011,0.1
14/06/2011,0
15/06/2011,0.5
16/06/2011,1.8
17/06/2011,4.2
18/06/2011,3.4
19/06/2011,2
20/06/2011,1.3
21/06/2011,35.3
22/06/2011,5.9
23/06/2011,0.1
24/06/2011,1.3
25/06/2011,1.4
26/06/2011,0.5
27/06/2011,1.4
28/06/2011,0
29/06/2011,0.1
30/06/2011,0
01/07/2011,0
02/07/2011,0
03/07/2011,0
04/07/2011,0
05/07/2011,6
06/07/2011,2.3
07/07/2011,2.4
08/07/2011,16.6
09/07/2011,8
10/07/2011,6.5
11/07/2011,0.3
12/07/2011,0
13/07/2011,0
14/07/2011,0
15/07/2011,11.5
16/07/2011,27.3
17/07/2011,2.7
18/07/2011,1.7
19/07/2011,15.4
20/07/2011,0.1
21/07/2011,2.7
22/07/2011,0.3
23/07/2011,0
24/07/2011,0
25/07/2011,0
26/07/2011,0.1
27/07/2011,0.4
28/07/2011,7.7
29/07/2011,0
30/07/2011,0
31/07/2011,0
01/08/2011,7.4
02/08/2011,7.3
03/08/2011,1.8
04/08/2011,2.7
05/08/2011,0
06/08/2011,29.3
07/08/2011,6.6
08/08/2011,0
09/08/2011,5.6
10/08/2011,46.5
11/08/2011,11.6
12/08/2011,2.2
13/08/2011,2.7
14/08/2011,0.3
15/08/2011,0.6
16/08/2011,8.6
17/08/2011,0.8
18/08/2011,4.5
19/08/2011,0.6
20/08/2011,0.4
21/08/2011,0.2
22/08/2011,0
23/08/2011,0.5
24/08/2011,1.6
25/08/2011,3
26/08/2011,6.2
27/08/2011,3.6
28/08/2011,4.6
29/08/2011,0.1
30/08/2011,0
31/08/2011,0
01/09/2011,1.2
02/09/2011,3.4
03/09/2011,0.4
04/09/2011,1.7
05/09/2011,4.7
06/09/2011,2.7
07/09/2011,4.2
08/09/2011,2.8
09/09/2011,3.4
10/09/2011,1.7
11/09/2011,5.1
12/09/2011,7
13/09/2011,2.4
14/09/2011,0
15/09/2011,0
16/09/2011,7.7
17/09/2011,2.6
18/09/2011,7.3
19/09/2011,3.4
20/09/2011,0.3
21/09/2011,9.7
22/09/2011,0.2
23/09/2011,0.9
24/09/2011,0
25/09/2011,5.3
26/09/2011,0
27/09/2011,0
28/09/2011,0
29/09/2011,0
30/09/2011,0.2
01/10/2011,19.8
02/10/2011,1.3
03/10/2011,0.6
04/10/2011,1.8
05/10/2011,8.5
06/10/2011,6.8
07/10/2011,0.8
08/10/2011,7.1
09/10/2011,5.3
10/10/2011,2
11/10/2011,4.8
12/10/2011,1
13/10/2011,0
14/10/2011,0.1
15/10/2011,0.6
16/10/2011,1.6
17/10/2011,33.8
18/10/2011,0.5
19/10/2011,0
20/10/2011,3.6
21/10/2011,0.2
22/10/2011,0.8
23/10/2011,0.1
24/10/2011,1.6
25/10/2011,1
26/10/2011,1.1
27/10/2011,0.2
28/10/2011,1.1
29/10/2011,1.9
30/10/2011,1.9
31/10/2011,6
01/11/2011,0
02/11/2011,1.6
03/11/2011,0.6
04/11/2011,1.3
05/11/2011,0.1
06/11/2011,0.1
07/11/2011,0.5
08/11/2011,0.4
09/11/2011,2.6
10/11/2011,0.1
11/11/2011,3
12/11/2011,0.1
13/11/2011,0.1
14/11/2011,0.1
15/11/2011,0.1
16/11/2011,1
17/11/2011,0.5
18/11/2011,0.4
19/11/2011,0.1
20/11/2011,0
21/11/2011,4.2
22/11/2011,0
23/11/2011,3.3
24/11/2011,6.4
25/11/2011,4.8
26/11/2011,11.7
27/11/2011,0.2
28/11/2011,8.6
29/11/2011,13.5
30/11/2011,13.6
01/12/2011,0.3
02/12/2011,2.1
03/12/2011,5.9
04/12/2011,3.1
05/12/2011,0.7
06/12/2011,8.9
07/12/2011,11.6
08/12/2011,4.4
09/12/2011,0.7
10/12/2011,4.7
11/12/2011,1.9
12/12/2011,4.1
13/12/2011,16.1
14/12/2011,0.2
15/12/2011,1.7
16/12/2011,1.2
17/12/2011,0.1
18/12/2011,2.6
19/12/2011,3.2
20/12/2011,4.2
21/12/2011,1.3
22/12/2011,3.3
23/12/2011,1.5
24/12/2011,3.2
25/12/2011,1.8
26/12/2011,2.5
27/12/2011,5.4
28/12/2011,6.4
29/12/2011,1.8
30/12/2011,7.7
31/12/2011,3.3
01/01/2012,1.7
02/01/2012,8.4
03/01/2012,2.6
04/01/2012,19.1
05/01/2012,0
06/01/2012,0.7
07/01/2012,0.1
08/01/2012,0.9
09/01/2012,0
10/01/2012,0.4
11/01/2012,2
12/01/2012,0
13/01/2012,0.1
14/01/2012,0
15/01/2012,0
16/01/2012,0.1
17/01/2012,1.3
18/01/2012,2.3
19/01/2012,5.9
20/01/2012,2.3
21/01/2012,5.3
22/01/2012,0.1
23/01/2012,3.2
24/01/2012,1.1
25/01/2012,6.3
26/01/2012,1
27/01/2012,0.1
28/01/2012,0.1
29/01/2012,0.1
30/01/2012,0
31/01/2012,0
01/02/2012,0
02/02/2012,0
03/02/2012,0
04/02/2012,6.6
05/02/2012,0.2
06/02/2012,0.1
07/02/2012,0
08/02/2012,3.2
09/02/2012,0.5
10/02/2012,0
11/02/2012,0.3
12/02/2012,0
13/02/2012,0
14/02/2012,0
15/02/2012,0
16/02/2012,0.3
17/02/2012,5.8
18/02/2012,0.2
19/02/2012,0.9
20/02/2012,1.1
21/02/2012,4.1
22/02/2012,0.9
23/02/2012,0.7
24/02/2012,0.2
25/02/2012,0.4
26/02/2012,0.5
27/02/2012,0.3
28/02/2012,0
29/02/2012,0
01/03/2012,0.3
02/03/2012,0.6
03/03/2012,4
04/03/2012,0.2
05/03/2012,0.1
06/03/2012,2.1
07/03/2012,1.7
08/03/2012,0
09/03/2012,0
10/03/2012,0
11/03/2012,0
12/03/2012,0
13/03/2012,0
14/03/2012,0
15/03/2012,0.5
16/03/2012,7.1
17/03/2012,0.1
18/03/2012,0
19/03/2012,1.8
20/03/2012,0
21/03/2012,0
22/03/2012,0
23/03/2012,0
24/03/2012,0
25/03/2012,0
26/03/2012,0
27/03/2012,0
28/03/2012,0
29/03/2012,0
30/03/2012,0
31/03/2012,0.1
01/04/2012,0.1
02/04/2012,13.7
03/04/2012,4.9
04/04/2012,0.8
05/04/2012,0.2
06/04/2012,3.9
07/04/2012,0.1
08/04/2012,1
09/04/2012,16.8
10/04/2012,10.3
11/04/2012,4.5
12/04/2012,0.5
13/04/2012,0.3
14/04/2012,0.5
15/04/2012,0
16/04/2012,3.7
17/04/2012,1.4
18/04/2012,5.2
19/04/2012,3.9
20/04/2012,4.1
21/04/2012,4.3
22/04/2012,0.2
23/04/2012,1.8
24/04/2012,2.9
25/04/2012,10.1
26/04/2012,6.3
27/04/2012,1.1
28/04/2012,0.2
29/04/2012,7.1
30/04/2012,0.3
01/05/2012,0
02/05/2012,0
03/05/2012,1.2
04/05/2012,0.4
05/05/2012,0
06/05/2012,0.5
07/05/2012,3.3
08/05/2012,0.1
09/05/2012,7.9
10/05/2012,22.3
11/05/2012,7.1
12/05/2012,0.1
13/05/2012,9
14/05/2012,3.4
15/05/2012,0.2
16/05/2012,1.3
17/05/2012,11.3
18/05/2012,4.5
19/05/2012,0.1
20/05/2012,0
21/05/2012,0
22/05/2012,0
23/05/2012,0.8
24/05/2012,0
25/05/2012,0.1
26/05/2012,0
27/05/2012,0
28/05/2012,0.1
29/05/2012,0.4
30/05/2012,10
31/05/2012,6.4
01/06/2012,0
02/06/2012,0.2
03/06/2012,0.4
04/06/2012,0
05/06/2012,2.6
06/06/2012,3.1
07/06/2012,5.8
08/06/2012,8.5
09/06/2012,8
10/06/2012,2.5
11/06/2012,0.1
12/06/2012,0
13/06/2012,0
14/06/2012,2.8
15/06/2012,19.1
16/06/2012,24.7
17/06/2012,3.6
18/06/2012,0.2
19/06/2012,0
20/06/2012,0.2
21/06/2012,27.1
22/06/2012,10.7
23/06/2012,2.7
24/06/2012,2.2
25/06/2012,0
26/06/2012,8.4
27/06/2012,14.4
28/06/2012,5.1
29/06/2012,4
30/06/2012,2.6
01/07/2012,4.4
02/07/2012,2.9
03/07/2012,1.3
04/07/2012,16.8
05/07/2012,3
06/07/2012,26.2
07/07/2012,6.3
08/07/2012,11
09/07/2012,4.9
10/07/2012,7.2
11/07/2012,4.1
12/07/2012,0
13/07/2012,1.6
14/07/2012,1
15/07/2012,0.2
16/07/2012,0.2
17/07/2012,21.6
18/07/2012,16.4
19/07/2012,0
20/07/2012,0.1
21/07/2012,0
22/07/2012,4.3
23/07/2012,16.1
24/07/2012,1
25/07/2012,0
26/07/2012,0.5
27/07/2012,1.1
28/07/2012,5.3
29/07/2012,5.1
30/07/2012,4.2
31/07/2012,6.1
01/08/2012,1.6
02/08/2012,0.2
03/08/2012,0.1
04/08/2012,0.6
05/08/2012,12.3
06/08/2012,7.6
07/08/2012,0.1
08/08/2012,0
09/08/2012,0.1
10/08/2012,0
11/08/2012,0
12/08/2012,0.4
13/08/2012,0
14/08/2012,1.2
15/08/2012,6.7
16/08/2012,8.1
17/08/2012,0.6
18/08/2012,0.3
19/08/2012,2.8
20/08/2012,3.8
21/08/2012,9.2
22/08/2012,3.2
23/08/2012,0.8
24/08/2012,0.8
25/08/2012,6.9
26/08/2012,0.6
27/08/2012,3.6
28/08/2012,1.9
29/08/2012,23.1
30/08/2012,0.1
31/08/2012,2.1
01/09/2012,1.8
02/09/2012,0
03/09/2012,2.1
04/09/2012,0
05/09/2012,0
06/09/2012,2.3
07/09/2012,0.4
08/09/2012,0
09/09/2012,4.2
10/09/2012,7.6
11/09/2012,1.2
12/09/2012,0
13/09/2012,3.8
14/09/2012,0.1
15/09/2012,0.4
16/09/2012,0.8
17/09/2012,3.1
18/09/2012,0.4
19/09/2012,2.8
20/09/2012,16.4
21/09/2012,0.8
22/09/2012,0.3
23/09/2012,1.9
24/09/2012,23.2
25/09/2012,16.3
26/09/2012,5.3
27/09/2012,2.4
28/09/2012,4.9
29/09/2012,12.9
30/09/2012,2.5
01/10/2012,2.3
02/10/2012,3.4
03/10/2012,0.2
04/10/2012,1.8
05/10/2012,0.1
06/10/2012,0
07/10/2012,0.1
08/10/2012,0
09/10/2012,0
10/10/2012,0
11/10/2012,38.4
12/10/2012,0.8
13/10/2012,3.4
14/10/2012,3.3
15/10/2012,12.1
16/10/2012,5.3
17/10/2012,17.1
18/10/2012,10.4
19/10/2012,2.9
20/10/2012,0.1
21/10/2012,0.1
22/10/2012,1.4
23/10/2012,1.9
24/10/2012,0
25/10/2012,0.2
26/10/2012,0
27/10/2012,2.2
28/10/2012,1.8
29/10/2012,0
30/10/2012,5.4
31/10/2012,10.3
01/11/2012,3.9
02/11/2012,1.7
03/11/2012,0
04/11/2012,0.1
05/11/2012,2.3
06/11/2012,0.2
07/11/2012,2.6
08/11/2012,2.6
09/11/2012,0.7
10/11/2012,0.7
11/11/2012,0.1
12/11/2012,1.1
13/11/2012,10.1
14/11/2012,3.5
15/11/2012,0.5
16/11/2012,0.4
17/11/2012,2.6
18/11/2012,7.6
19/11/2012,1.5
20/11/2012,0.1
21/11/2012,3.6
22/11/2012,21.6
23/11/2012,1.5
24/11/2012,12.1
25/11/2012,4.5
26/11/2012,0.2
27/11/2012,0
28/11/2012,0
29/11/2012,0
30/11/2012,6.4
01/12/2012,0
02/12/2012,2.9
03/12/2012,0.5
04/12/2012,1.5
05/12/2012,0.3
06/12/2012,10.2
07/12/2012,1.6
08/12/2012,0.8
09/12/2012,0
10/12/2012,0
11/12/2012,0.1
12/12/2012,0
13/12/2012,0.1
14/12/2012,12.4
15/12/2012,0.2
16/12/2012,0.4
17/12/2012,2.2
18/12/2012,0.1
19/12/2012,5.2
20/12/2012,17.7
21/12/2012,2
22/12/2012,19.5
23/12/2012,3.7
24/12/2012,3.7
25/12/2012,1.2
26/12/2012,21.7
27/12/2012,4.1
28/12/2012,2.9
29/12/2012,5.4
30/12/2012,11.2
31/12/2012,2.1
01/01/2013,4.1
02/01/2013,0.9
03/01/2013,0.1
04/01/2013,0
05/01/2013,1.9
06/01/2013,1.4
07/01/2013,5.5
08/01/2013,0.2
09/01/2013,0.1
10/01/2013,1.3
11/01/2013,0
12/01/2013,0
13/01/2013,2
14/01/2013,0.1
15/01/2013,0.9
16/01/2013,0
17/01/2013,0
18/01/2013,1.2
19/01/2013,1.6
20/01/2013,0.9
21/01/2013,4.1
22/01/2013,0.1
23/01/2013,0.1
24/01/2013,0.6
25/01/2013,6.6
26/01/2013,6.4
27/01/2013,2.2
28/01/2013,11
29/01/2013,8.5
30/01/2013,10.4
31/01/2013,10.5
01/02/2013,0.5
02/02/2013,0.5
03/02/2013,3.4
04/02/2013,4.6
05/02/2013,0.8
06/02/2013,0
07/02/2013,0.2
08/02/2013,3.5
09/02/2013,0.4
10/02/2013,2.2
11/02/2013,0
12/02/2013,0.2
13/02/2013,11.7
14/02/2013,0.8
15/02/2013,0.1
16/02/2013,0
17/02/2013,0
18/02/2013,0.1
19/02/2013,0.1
20/02/2013,0
21/02/2013,0
22/02/2013,0
23/02/2013,0.8
24/02/2013,6.6
25/02/2013,0.3
26/02/2013,0.1
27/02/2013,0.2
28/02/2013,0.1
01/03/2013,0.1
02/03/2013,0
03/03/2013,0
04/03/2013,0
05/03/2013,0
06/03/2013,2.8
07/03/2013,1.7
08/03/2013,3.2
09/03/2013,2.9
10/03/2013,5.3
11/03/2013,0.7
12/03/2013,0
13/03/2013,0.1
14/03/2013,0.5
15/03/2013,0.8
16/03/2013,11.8
17/03/2013,9.2
18/03/2013,6.3
19/03/2013,5.9
20/03/2013,0.1
21/03/2013,0
22/03/2013,0.9
23/03/2013,0
24/03/2013,0
25/03/2013,0
26/03/2013,1.4
27/03/2013,1.5
28/03/2013,0.2
29/03/2013,0.4
30/03/2013,0.1
31/03/2013,0
01/04/2013,0
02/04/2013,0.2
03/04/2013,0.7
04/04/2013,1.7
05/04/2013,0
06/04/2013,0
07/04/2013,0
08/04/2013,0
09/04/2013,0.1
10/04/2013,0.3
11/04/2013,0
12/04/2013,0.6
13/04/2013,5.2
14/04/2013,2.4
15/04/2013,5.8
16/04/2013,5.4
17/04/2013,10.9
18/04/2013,0.5
19/04/2013,0
20/04/2013,0.7
21/04/2013,0.9
22/04/2013,0.7
23/04/2013,4.9
24/04/2013,1.3
25/04/2013,0.4
26/04/2013,5.2
27/04/2013,0.5
28/04/2013,2.2
29/04/2013,0.1
30/04/2013,0.1
01/05/2013,0.6
02/05/2013,0.7
03/05/2013,11.8
04/05/2013,0.1
05/05/2013,0.1
06/05/2013,0
07/05/2013,0
08/05/2013,1.9
09/05/2013,2.7
10/05/2013,2.7
11/05/2013,0.7
12/05/2013,4.6
13/05/2013,6.7
14/05/2013,1.1
15/05/2013,2.5
16/05/2013,0.2
17/05/2013,1.7
18/05/2013,19.1
19/05/2013,0.1
20/05/2013,4.4
21/05/2013,0
22/05/2013,0
23/05/2013,1.2
24/05/2013,0
25/05/2013,0
26/05/2013,0
27/05/2013,0.1
28/05/2013,0
29/05/2013,0.2
30/05/2013,0
31/05/2013,0
01/06/2013,0.2
02/06/2013,0
03/06/2013,0
04/06/2013,0
05/06/2013,0
06/06/2013,0
07/06/2013,0
08/06/2013,0.1
09/06/2013,0
10/06/2013,0
11/06/2013,3.8
12/06/2013,0.1
13/06/2013,0
14/06/2013,6.1
15/06/2013,1.7
16/06/2013,0.1
17/06/2013,0
18/06/2013,0
19/06/2013,0
20/06/2013,0
21/06/2013,1.5
22/06/2013,5.9
23/06/2013,2.6
24/06/2013,0
25/06/2013,0
26/06/2013,0.2
27/06/2013,4.9
28/06/2013,0.2
29/06/2013,0.1
30/06/2013,2.2
01/07/2013,1
02/07/2013,3.3
03/07/2013,3.7
04/07/2013,1
05/07/2013,0
06/07/2013,0
07/07/2013,0
08/07/2013,0
09/07/2013,0
10/07/2013,0
11/07/2013,0
12/07/2013,0
13/07/2013,0
14/07/2013,0
15/07/2013,0
16/07/2013,0
17/07/2013,0
18/07/2013,0
19/07/2013,0.1
20/07/2013,0
21/07/2013,0
22/07/2013,0.7
23/07/2013,18.3
24/07/2013,5.1
25/07/2013,2.5
26/07/2013,1.9
27/07/2013,19.7
28/07/2013,8.3
29/07/2013,13.1
30/07/2013,1.2
31/07/2013,8.8
01/08/2013,0.4
02/08/2013,0
03/08/2013,1.2
04/08/2013,0
05/08/2013,0
06/08/2013,0
07/08/2013,2.5
08/08/2013,3.3
09/08/2013,0
10/08/2013,0.7
11/08/2013,3.2
12/08/2013,0
13/08/2013,0
14/08/2013,3.9
15/08/2013,5.6
16/08/2013,0.7
17/08/2013,4.1
18/08/2013,0.6
19/08/2013,0.1
20/08/2013,2.8
21/08/2013,1.3
22/08/2013,0.2
23/08/2013,0.7
24/08/2013,0
25/08/2013,0.1
26/08/2013,0
27/08/2013,0.3
28/08/2013,0.1
29/08/2013,0.4
30/08/2013,1.3
31/08/2013,0.5
01/09/2013,0.1
02/09/2013,0
03/09/2013,0
04/09/2013,0
05/09/2013,0.2
06/09/2013,25.1
07/09/2013,1.2
08/09/2013,0
09/09/2013,0.1
10/09/2013,0
11/09/2013,4.6
12/09/2013,4.1
13/09/2013,0.5
14/09/2013,5.1
15/09/2013,6.2
16/09/2013,0
17/09/2013,0
18/09/2013,5.1
19/09/2013,4.7
20/09/2013,0.1
21/09/2013,0
22/09/2013,0
23/09/2013,0
24/09/2013,0.8
25/09/2013,1.1
26/09/2013,0.5
27/09/2013,0.1
28/09/2013,0
29/09/2013,0
30/09/2013,0
01/10/2013,0
02/10/2013,3.4
03/10/2013,4
04/10/2013,1.7
05/10/2013,0
06/10/2013,0.1
07/10/2013,2.3
08/10/2013,0.9
09/10/2013,0.1
10/10/2013,0
11/10/2013,0
12/10/2013,0
13/10/2013,2.4
14/10/2013,2
15/10/2013,0.4
16/10/2013,19.9
17/10/2013,5.9
18/10/2013,7.9
19/10/2013,10
20/10/2013,1.9
21/10/2013,15
22/10/2013,5.9
23/10/2013,0.5
24/10/2013,1
25/10/2013,3.9
26/10/2013,5.6
27/10/2013,9
28/10/2013,2.2
29/10/2013,0
30/10/2013,3.6
31/10/2013,7.1
01/11/2013,0.1
02/11/2013,10.4
03/11/2013,0
04/11/2013,0.1
05/11/2013,1
06/11/2013,3.4
07/11/2013,4.6
08/11/2013,1.6
09/11/2013,0.6
10/11/2013,1.5
11/11/2013,1.8
12/11/2013,0.4
13/11/2013,1.2
14/11/2013,0
15/11/2013,0.3
16/11/2013,0
17/11/2013,2.4
18/11/2013,0
19/11/2013,7.1
20/11/2013,0
21/11/2013,0
22/11/2013,0.2
23/11/2013,0
24/11/2013,0
25/11/2013,0.2
26/11/2013,2.9
27/11/2013,0.1
28/11/2013,4.2
29/11/2013,0
30/11/2013,0
01/12/2013,0.1
02/12/2013,0.7
03/12/2013,3.2
04/12/2013,22.5
05/12/2013,0.5
06/12/2013,0.9
07/12/2013,2.6
08/12/2013,6.2
09/12/2013,0
10/12/2013,0
11/12/2013,6
12/12/2013,0.7
13/12/2013,0.6
14/12/2013,14.1
15/12/2013,10.8
16/12/2013,0.9
17/12/2013,0.3
18/12/2013,7.9
19/12/2013,3.1
20/12/2013,17.7
21/12/2013,8.4
22/12/2013,4.5
23/12/2013,12.3
24/12/2013,2.6
25/12/2013,0
26/12/2013,10
27/12/2013,19.1
28/12/2013,1.9
29/12/2013,15
30/12/2013,14.7
31/12/2013,1.6
01/01/2014,4.7
02/01/2014,3.4
03/01/2014,5.9
04/01/2014,1.5
05/01/2014,3.7
06/01/2014,10
07/01/2014,2.1
08/01/2014,0
09/01/2014,0
10/01/2014,3.1
11/01/2014,0.1
12/01/2014,0.5
13/01/2014,3.9
14/01/2014,2.2
15/01/2014,4.7
16/01/2014,1.3
17/01/2014,0.8
18/01/2014,5.3
19/01/2014,0.1
20/01/2014,0
21/01/2014,1.4
22/01/2014,2.4
23/01/2014,0.2
24/01/2014,3.9
25/01/2014,14.4
26/01/2014,5.2
27/01/2014,1
28/01/2014,3.3
29/01/2014,0.8
30/01/2014,0
31/01/2014,1.2
01/02/2014,12.2
02/02/2014,0.1
03/02/2014,0.4
04/02/2014,5.8
05/02/2014,2.5
06/02/2014,0.7
07/02/2014,3
08/02/2014,8
09/02/2014,1.8
10/02/2014,0.9
11/02/2014,0.9
12/02/2014,9.8
13/02/2014,2
14/02/2014,11.1
15/02/2014,2.3
16/02/2014,0
17/02/2014,4.1
18/02/2014,3.3
19/02/2014,2.4
20/02/2014,4.3
21/02/2014,0.6
22/02/2014,2.9
23/02/2014,17.5
24/02/2014,1.6
25/02/2014,2.6
26/02/2014,5
27/02/2014,1.5
28/02/2014,0.5
01/03/2014,7.1
02/03/2014,3.9
03/03/2014,0.5
04/03/2014,0.1
05/03/2014,1
06/03/2014,15.6
07/03/2014,1.3
08/03/2014,0.3
09/03/2014,7.6
10/03/2014,0
11/03/2014,0
12/03/2014,0
13/03/2014,0
14/03/2014,0.1
15/03/2014,0
16/03/2014,0.1
17/03/2014,1.6
18/03/2014,0.9
19/03/2014,3.1
20/03/2014,16.5
21/03/2014,8.7
22/03/2014,0.2
23/03/2014,0
24/03/2014,0
25/03/2014,0.2
26/03/2014,1.6
27/03/2014,2.1
28/03/2014,5.2
29/03/2014,0
30/03/2014,0.1
31/03/2014,9.6
01/04/2014,6
02/04/2014,2.1
03/04/2014,8.1
04/04/2014,0.5
05/04/2014,0.7
06/04/2014,0.6
07/04/2014,4.4
08/04/2014,2.1
09/04/2014,0.3
10/04/2014,0
11/04/2014,0.4
12/04/2014,0.3
13/04/2014,1.4
14/04/2014,0.1
15/04/2014,0
16/04/2014,0.4
17/04/2014,0
18/04/2014,0
19/04/2014,0
20/04/2014,0
21/04/2014,0.7
22/04/2014,2.6
23/04/2014,0.4
24/04/2014,0.4
25/04/2014,16.8
26/04/2014,0
27/04/2014,2.9
28/04/2014,0.2
29/04/2014,0.1
30/04/2014,10.5
01/05/2014,1.7
02/05/2014,0
03/05/2014,1
04/05/2014,0.3
05/05/2014,0.9
06/05/2014,1.3
07/05/2014,5.6
08/05/2014,7
09/05/2014,2.3
10/05/2014,2.5
11/05/2014,5.5
12/05/2014,0.1
13/05/2014,1.6
14/05/2014,0.6
15/05/2014,0
16/05/2014,0
17/05/2014,0.1
18/05/2014,0.1
19/05/2014,1
20/05/2014,2.1
21/05/2014,0.3
22/05/2014,2.3
23/05/2014,0.4
24/05/2014,11.2
25/05/2014,16.7
26/05/2014,2
27/05/2014,1.2
28/05/2014,10.4
29/05/2014,0
30/05/2014,0
31/05/2014,0
01/06/2014,2
02/06/2014,0.8
03/06/2014,1.2
04/06/2014,30.7
05/06/2014,0.2
06/06/2014,0
07/06/2014,9.5
08/06/2014,0.3
09/06/2014,9.5
10/06/2014,2.9
11/06/2014,0
12/06/2014,1.5
13/06/2014,2.4
14/06/2014,2.8
15/06/2014,0
16/06/2014,0
17/06/2014,0.4
18/06/2014,0
19/06/2014,0
20/06/2014,0
21/06/2014,0
22/06/2014,0
23/06/2014,0.4
24/06/2014,0
25/06/2014,1
26/06/2014,0
27/06/2014,0.1
28/06/2014,0.7
29/06/2014,0
30/06/2014,0.2
01/07/2014,0
02/07/2014,0.8
03/07/2014,0.1
04/07/2014,3.8
05/07/2014,0
06/07/2014,1
07/07/2014,4.9
08/07/2014,0.8
09/07/2014,0
10/07/2014,0.1
11/07/2014,0
12/07/2014,6.5
13/07/2014,0
14/07/2014,3.4
15/07/2014,0.8
16/07/2014,3.1
17/07/2014,0
18/07/2014,2.1
19/07/2014,5.1
20/07/2014,0.1
21/07/2014,0
22/07/2014,0
23/07/2014,0.2
24/07/2014,0.1
25/07/2014,0
26/07/2014,4.3
27/07/2014,2.2
28/07/2014,0
29/07/2014,0.6
30/07/2014,1.4
31/07/2014,1.1
01/08/2014,2
02/08/2014,15.9
03/08/2014,4.6
04/08/2014,0
05/08/2014,9.4
06/08/2014,2.1
07/08/2014,0
08/08/2014,6.7
09/08/2014,1
10/08/2014,21
11/08/2014,1.5
12/08/2014,3.9
13/08/2014,0
14/08/2014,7.1
15/08/2014,0
16/08/2014,1.5
17/08/2014,0.6
18/08/2014,0.4
19/08/2014,1.1
20/08/2014,3.3
21/08/2014,6.6
22/08/2014,2.8
23/08/2014,2.6
24/08/2014,0
25/08/2014,0
26/08/2014,0
27/08/2014,0.4
28/08/2014,3.1
29/08/2014,11.2
30/08/2014,0
31/08/2014,0.8
01/09/2014,0
02/09/2014,0
03/09/2014,0
04/09/2014,0
05/09/2014,3.7
06/09/2014,0.2
07/09/2014,0
08/09/2014,0
09/09/2014,0
10/09/2014,0
11/09/2014,0.1
12/09/2014,0
13/09/2014,0.1
14/09/2014,1.4
15/09/2014,7.5
16/09/2014,0.2
17/09/2014,0.3
18/09/2014,0.2
19/09/2014,1.6
20/09/2014,1
21/09/2014,0
22/09/2014,0.6
23/09/2014,2.5
24/09/2014,0.1
25/09/2014,1.2
26/09/2014,0
27/09/2014,0.4
28/09/2014,0
29/09/2014,0
30/09/2014,0.8
01/10/2014,0
02/10/2014,0.7
03/10/2014,47
04/10/2014,0.9
05/10/2014,2.6
06/10/2014,1.5
07/10/2014,0
08/10/2014,2
09/10/2014,2.6
10/10/2014,1.3
11/10/2014,0.3
12/10/2014,2.5
13/10/2014,5.8
14/10/2014,0
15/10/2014,3.5
16/10/2014,1.8
17/10/2014,4.1
18/10/2014,10.6
19/10/2014,2.4
20/10/2014,3
21/10/2014,0
22/10/2014,1
23/10/2014,2.7
24/10/2014,0.5
25/10/2014,0.1
26/10/2014,10.7
27/10/2014,7.9
28/10/2014,9.2
29/10/2014,1.4
30/10/2014,0.1
31/10/2014,2.1
01/11/2014,2.7
02/11/2014,4.8
03/11/2014,1.5
04/11/2014,1.5
05/11/2014,2.8
06/11/2014,10
07/11/2014,0.6
08/11/2014,3.1
09/11/2014,0
10/11/2014,0
11/11/2014,2.4
12/11/2014,0.7
13/11/2014,1.5
14/11/2014,10
15/11/2014,0.1
16/11/2014,12.3
17/11/2014,1.8
18/11/2014,0.3
19/11/2014,1.8
20/11/2014,0
21/11/2014,4.6
22/11/2014,0.4
23/11/2014,0.1
24/11/2014,0
25/11/2014,0.2
26/11/2014,0.3
27/11/2014,0.4
28/11/2014,0.2
29/11/2014,0.2
30/11/2014,0
01/12/2014,1.5
02/12/2014,0
03/12/2014,0
04/12/2014,0.1
05/12/2014,0
06/12/2014,7.9
07/12/2014,6.4
08/12/2014,0.6
09/12/2014,16.6
10/12/2014,9.1
11/12/2014,6.5
12/12/2014,1.5
13/12/2014,0.7
14/12/2014,2.1
15/12/2014,0.4
16/12/2014,7.3
17/12/2014,2
18/12/2014,5.5
19/12/2014,5
20/12/2014,0.7
21/12/2014,27.7
22/12/2014,5.6
23/12/2014,1.2
24/12/2014,3.8
25/12/2014,0.1
26/12/2014,0.1
27/12/2014,0.2
28/12/2014,0.1
29/12/2014,0.2
30/12/2014,0
31/12/2014,3.8
